tournament_id,tournament_name,year,match_id,match_date,group_name,home_team_name,away_team_name,home_team_score,away_team_score,goal_diff,home_elo,away_elo,elo_gap,scoreline_component,elo_weight,cis
WC-1930,1930 FIFA Men's World Cup,1930,M-1930-01,1930-07-13,Group 1,France,Mexico,4,1,3,1333.58,1476.16,142.58,0.75,0.7778,0.1944
WC-1930,1930 FIFA Men's World Cup,1930,M-1930-02,1930-07-13,Group 4,United States,Belgium,3,0,3,1477.25,1459.93,17.32,0.75,0.973,0.2433
WC-1930,1930 FIFA Men's World Cup,1930,M-1930-03,1930-07-14,Group 2,Yugoslavia,Brazil,2,1,1,1450.97,1589.7,138.73,0.25,0.7838,0.5878
WC-1930,1930 FIFA Men's World Cup,1930,M-1930-04,1930-07-14,Group 3,Romania,Peru,3,1,2,1466.84,1384.36,82.48,0.5,0.8715,0.4357
WC-1930,1930 FIFA Men's World Cup,1930,M-1930-05,1930-07-15,Group 1,Argentina,France,1,0,1,1794.42,1333.58,460.84,0.25,0.5,0.375
WC-1930,1930 FIFA Men's World Cup,1930,M-1930-06,1930-07-16,Group 1,Chile,Mexico,3,0,3,1376.82,1476.16,99.34,0.75,0.8452,0.2113
WC-1930,1930 FIFA Men's World Cup,1930,M-1930-07,1930-07-17,Group 2,Yugoslavia,Bolivia,4,0,4,1450.97,1307.88,143.09,1.0,0.777,0.0
WC-1930,1930 FIFA Men's World Cup,1930,M-1930-08,1930-07-17,Group 4,United States,Paraguay,3,0,3,1477.25,1527.09,49.84,0.75,0.9223,0.2306
WC-1930,1930 FIFA Men's World Cup,1930,M-1930-09,1930-07-18,Group 3,Uruguay,Peru,1,0,1,1691.64,1384.36,307.28,0.25,0.5211,0.3908
WC-1930,1930 FIFA Men's World Cup,1930,M-1930-10,1930-07-19,Group 1,Chile,France,1,0,1,1376.82,1333.58,43.24,0.25,0.9326,0.6995
WC-1930,1930 FIFA Men's World Cup,1930,M-1930-11,1930-07-19,Group 1,Argentina,Mexico,6,3,3,1794.42,1476.16,318.26,0.75,0.504,0.126
WC-1930,1930 FIFA Men's World Cup,1930,M-1930-12,1930-07-20,Group 2,Brazil,Bolivia,4,0,4,1589.7,1307.88,281.82,1.0,0.5608,0.0
WC-1930,1930 FIFA Men's World Cup,1930,M-1930-13,1930-07-20,Group 4,Paraguay,Belgium,1,0,1,1527.09,1459.93,67.16,0.25,0.8953,0.6715
WC-1930,1930 FIFA Men's World Cup,1930,M-1930-14,1930-07-21,Group 3,Uruguay,Romania,4,0,4,1691.64,1466.84,224.8,1.0,0.6496,0.0
WC-1930,1930 FIFA Men's World Cup,1930,M-1930-15,1930-07-22,Group 1,Argentina,Chile,3,1,2,1794.42,1376.82,417.6,0.5,0.5,0.25
WC-1950,1950 FIFA Men's World Cup,1950,M-1950-01,1950-06-24,Group 1,Brazil,Mexico,4,0,4,1795.47,1681.52,113.95,1.0,0.8224,0.0
WC-1950,1950 FIFA Men's World Cup,1950,M-1950-02,1950-06-25,Group 1,Yugoslavia,Switzerland,3,0,3,1662.08,1529.39,132.69,0.75,0.7932,0.1983
WC-1950,1950 FIFA Men's World Cup,1950,M-1950-03,1950-06-25,Group 2,England,Chile,2,0,2,1842.12,1486.92,355.2,0.5,0.5,0.25
WC-1950,1950 FIFA Men's World Cup,1950,M-1950-04,1950-06-25,Group 2,Spain,United States,3,1,2,1671.61,1442.81,228.8,0.5,0.6434,0.3217
WC-1950,1950 FIFA Men's World Cup,1950,M-1950-05,1950-06-25,Group 3,Sweden,Italy,3,2,1,1713.45,1834.29,120.84,0.25,0.8117,0.6088
WC-1950,1950 FIFA Men's World Cup,1950,M-1950-06,1950-06-28,Group 1,Brazil,Switzerland,2,2,0,1795.47,1529.39,266.08,0.0,0.5853,0.5853
WC-1950,1950 FIFA Men's World Cup,1950,M-1950-07,1950-06-28,Group 1,Yugoslavia,Mexico,4,1,3,1662.08,1681.52,19.44,0.75,0.9697,0.2424
WC-1950,1950 FIFA Men's World Cup,1950,M-1950-08,1950-06-29,Group 2,Spain,Chile,2,0,2,1671.61,1486.92,184.69,0.5,0.7122,0.3561
WC-1950,1950 FIFA Men's World Cup,1950,M-1950-09,1950-06-29,Group 2,United States,England,1,0,1,1442.81,1842.12,399.31,0.25,0.5,0.375
WC-1950,1950 FIFA Men's World Cup,1950,M-1950-10,1950-06-29,Group 3,Sweden,Paraguay,2,2,0,1713.45,1717.79,4.34,0.0,0.9932,0.9932
WC-1950,1950 FIFA Men's World Cup,1950,M-1950-11,1950-07-01,Group 1,Brazil,Yugoslavia,2,0,2,1795.47,1662.08,133.39,0.5,0.7921,0.3961
WC-1950,1950 FIFA Men's World Cup,1950,M-1950-12,1950-07-02,Group 2,Chile,United States,5,2,3,1486.92,1442.81,44.11,0.75,0.9313,0.2328
WC-1950,1950 FIFA Men's World Cup,1950,M-1950-13,1950-07-02,Group 2,Spain,England,1,0,1,1671.61,1842.12,170.51,0.25,0.7343,0.5507
WC-1950,1950 FIFA Men's World Cup,1950,M-1950-14,1950-07-02,Group 3,Italy,Paraguay,2,0,2,1834.29,1717.79,116.5,0.5,0.8184,0.4092
WC-1950,1950 FIFA Men's World Cup,1950,M-1950-15,1950-07-02,Group 4,Uruguay,Bolivia,8,0,8,1580.06,1356.13,223.93,1.0,0.651,0.0
WC-1950,1950 FIFA Men's World Cup,1950,M-1950-16,1950-07-02,Group 1,Switzerland,Mexico,2,1,1,1529.39,1681.52,152.13,0.25,0.7629,0.5722
WC-1950,1950 FIFA Men's World Cup,1950,M-1950-17,1950-07-09,not applicable,Brazil,Sweden,7,1,6,1795.47,1713.45,82.02,1.0,0.8722,0.0
WC-1950,1950 FIFA Men's World Cup,1950,M-1950-18,1950-07-09,not applicable,Uruguay,Spain,2,2,0,1580.06,1671.61,91.55,0.0,0.8573,0.8573
WC-1950,1950 FIFA Men's World Cup,1950,M-1950-19,1950-07-13,not applicable,Brazil,Spain,6,1,5,1795.47,1671.61,123.86,1.0,0.807,0.0
WC-1950,1950 FIFA Men's World Cup,1950,M-1950-20,1950-07-13,not applicable,Uruguay,Sweden,3,2,1,1580.06,1713.45,133.39,0.25,0.7921,0.5941
WC-1950,1950 FIFA Men's World Cup,1950,M-1950-21,1950-07-16,not applicable,Sweden,Spain,3,1,2,1713.45,1671.61,41.84,0.5,0.9348,0.4674
WC-1950,1950 FIFA Men's World Cup,1950,M-1950-22,1950-07-16,not applicable,Uruguay,Brazil,2,1,1,1580.06,1795.47,215.41,0.25,0.6643,0.4982
WC-1954,1954 FIFA Men's World Cup,1954,M-1954-01,1954-06-16,Group 1,Brazil,Mexico,5,0,5,1856.22,1615.89,240.33,1.0,0.6254,0.0
WC-1954,1954 FIFA Men's World Cup,1954,M-1954-02,1954-06-16,Group 1,Yugoslavia,France,1,0,1,1768.11,1612.47,155.64,0.25,0.7574,0.5681
WC-1954,1954 FIFA Men's World Cup,1954,M-1954-03,1954-06-16,Group 3,Austria,Scotland,1,0,1,1681.62,1678.79,2.83,0.25,0.9956,0.7467
WC-1954,1954 FIFA Men's World Cup,1954,M-1954-04,1954-06-16,Group 3,Uruguay,Czechoslovakia,2,0,2,1731.34,1602.7,128.64,0.5,0.7995,0.3998
WC-1954,1954 FIFA Men's World Cup,1954,M-1954-05,1954-06-17,Group 4,Switzerland,Italy,2,1,1,1511.12,1779.99,268.87,0.25,0.581,0.4357
WC-1954,1954 FIFA Men's World Cup,1954,M-1954-06,1954-06-17,Group 2,Hungary,South Korea,9,0,9,1889.45,1574.24,315.21,1.0,0.5087,0.0
WC-1954,1954 FIFA Men's World Cup,1954,M-1954-07,1954-06-17,Group 2,Germany,Turkey,4,1,3,1782.77,1530.04,252.73,0.75,0.6061,0.1515
WC-1954,1954 FIFA Men's World Cup,1954,M-1954-08,1954-06-17,Group 4,England,Belgium,4,4,0,1789.84,1600.55,189.29,0.0,0.705,0.705
WC-1954,1954 FIFA Men's World Cup,1954,M-1954-09,1954-06-19,Group 3,Uruguay,Scotland,7,0,7,1731.34,1678.79,52.55,1.0,0.9181,0.0
WC-1954,1954 FIFA Men's World Cup,1954,M-1954-10,1954-06-19,Group 1,Brazil,Yugoslavia,1,1,0,1856.22,1768.11,88.11,0.0,0.8627,0.8627
WC-1954,1954 FIFA Men's World Cup,1954,M-1954-11,1954-06-19,Group 3,Austria,Czechoslovakia,5,0,5,1681.62,1602.7,78.92,1.0,0.877,0.0
WC-1954,1954 FIFA Men's World Cup,1954,M-1954-12,1954-06-19,Group 1,France,Mexico,3,2,1,1612.47,1615.89,3.42,0.25,0.9947,0.746
WC-1954,1954 FIFA Men's World Cup,1954,M-1954-13,1954-06-20,Group 2,Hungary,Germany,8,3,5,1889.45,1782.77,106.68,1.0,0.8337,0.0
WC-1954,1954 FIFA Men's World Cup,1954,M-1954-14,1954-06-20,Group 2,Turkey,South Korea,7,0,7,1530.04,1574.24,44.2,1.0,0.9311,0.0
WC-1954,1954 FIFA Men's World Cup,1954,M-1954-15,1954-06-20,Group 4,Italy,Belgium,4,1,3,1779.99,1600.55,179.44,0.75,0.7203,0.1801
WC-1954,1954 FIFA Men's World Cup,1954,M-1954-16,1954-06-20,Group 4,England,Switzerland,2,0,2,1789.84,1511.12,278.72,0.5,0.5656,0.2828
WC-1954,1954 FIFA Men's World Cup,1954,M-1954-17,1954-06-23,Group 2,Germany,Turkey,7,2,5,1782.77,1530.04,252.73,1.0,0.6061,0.0
WC-1954,1954 FIFA Men's World Cup,1954,M-1954-18,1954-06-23,Group 4,Switzerland,Italy,4,1,3,1511.12,1779.99,268.87,0.75,0.581,0.1452
WC-1958,1958 FIFA Men's World Cup,1958,M-1958-01,1958-06-08,Group 3,Sweden,Mexico,3,0,3,1637.91,1671.86,33.95,0.75,0.9471,0.2368
WC-1958,1958 FIFA Men's World Cup,1958,M-1958-02,1958-06-08,Group 1,Argentina,Germany,1,3,2,1889.43,1749.63,139.8,0.5,0.7821,0.3911
WC-1958,1958 FIFA Men's World Cup,1958,M-1958-03,1958-06-08,Group 1,Northern Ireland,Czechoslovakia,1,0,1,1505.77,1716.97,211.2,0.25,0.6708,0.5031
WC-1958,1958 FIFA Men's World Cup,1958,M-1958-04,1958-06-08,Group 2,France,Paraguay,7,3,4,1685.68,1602.82,82.86,1.0,0.8709,0.0
WC-1958,1958 FIFA Men's World Cup,1958,M-1958-05,1958-06-08,Group 2,Yugoslavia,Scotland,1,1,0,1758.0,1647.94,110.06,0.0,0.8285,0.8285
WC-1958,1958 FIFA Men's World Cup,1958,M-1958-06,1958-06-08,Group 3,Hungary,Wales,1,1,0,1899.94,1536.48,363.46,0.0,0.5,0.5
WC-1958,1958 FIFA Men's World Cup,1958,M-1958-07,1958-06-08,Group 4,Brazil,Austria,3,0,3,1829.22,1738.38,90.84,0.75,0.8584,0.2146
WC-1958,1958 FIFA Men's World Cup,1958,M-1958-08,1958-06-08,Group 4,Russia,England,2,2,0,1676.92,1818.86,141.94,0.0,0.7788,0.7788
WC-1958,1958 FIFA Men's World Cup,1958,M-1958-09,1958-06-11,Group 1,Argentina,Northern Ireland,3,1,2,1889.43,1505.77,383.66,0.5,0.5,0.25
WC-1958,1958 FIFA Men's World Cup,1958,M-1958-10,1958-06-11,Group 1,Germany,Czechoslovakia,2,2,0,1749.63,1716.97,32.66,0.0,0.9491,0.9491
WC-1958,1958 FIFA Men's World Cup,1958,M-1958-11,1958-06-11,Group 2,Paraguay,Scotland,3,2,1,1602.82,1647.94,45.12,0.25,0.9297,0.6973
WC-1958,1958 FIFA Men's World Cup,1958,M-1958-12,1958-06-11,Group 2,Yugoslavia,France,3,2,1,1758.0,1685.68,72.32,0.25,0.8873,0.6655
WC-1958,1958 FIFA Men's World Cup,1958,M-1958-13,1958-06-11,Group 3,Mexico,Wales,1,1,0,1671.86,1536.48,135.38,0.0,0.789,0.789
WC-1958,1958 FIFA Men's World Cup,1958,M-1958-14,1958-06-11,Group 4,Brazil,England,0,0,0,1829.22,1818.86,10.36,0.0,0.9839,0.9839
WC-1958,1958 FIFA Men's World Cup,1958,M-1958-15,1958-06-11,Group 4,Russia,Austria,2,0,2,1676.92,1738.38,61.46,0.5,0.9042,0.4521
WC-1958,1958 FIFA Men's World Cup,1958,M-1958-16,1958-06-12,Group 3,Sweden,Hungary,2,1,1,1637.91,1899.94,262.03,0.25,0.5916,0.4437
WC-1958,1958 FIFA Men's World Cup,1958,M-1958-17,1958-06-15,Group 3,Sweden,Wales,0,0,0,1637.91,1536.48,101.43,0.0,0.8419,0.8419
WC-1958,1958 FIFA Men's World Cup,1958,M-1958-18,1958-06-15,Group 1,Czechoslovakia,Argentina,6,1,5,1716.97,1889.43,172.46,1.0,0.7312,0.0
WC-1958,1958 FIFA Men's World Cup,1958,M-1958-19,1958-06-15,Group 1,Germany,Northern Ireland,2,2,0,1749.63,1505.77,243.86,0.0,0.6199,0.6199
WC-1958,1958 FIFA Men's World Cup,1958,M-1958-20,1958-06-15,Group 2,France,Scotland,2,1,1,1685.68,1647.94,37.74,0.25,0.9412,0.7059
WC-1958,1958 FIFA Men's World Cup,1958,M-1958-21,1958-06-15,Group 2,Paraguay,Yugoslavia,3,3,0,1602.82,1758.0,155.18,0.0,0.7582,0.7582
WC-1958,1958 FIFA Men's World Cup,1958,M-1958-22,1958-06-15,Group 3,Hungary,Mexico,4,0,4,1899.94,1671.86,228.08,1.0,0.6445,0.0
WC-1958,1958 FIFA Men's World Cup,1958,M-1958-23,1958-06-15,Group 4,Brazil,Russia,2,0,2,1829.22,1676.92,152.3,0.5,0.7626,0.3813
WC-1958,1958 FIFA Men's World Cup,1958,M-1958-24,1958-06-15,Group 4,England,Austria,2,2,0,1818.86,1738.38,80.48,0.0,0.8746,0.8746
WC-1958,1958 FIFA Men's World Cup,1958,M-1958-25,1958-06-17,Group 1,Northern Ireland,Czechoslovakia,2,1,1,1505.77,1716.97,211.2,0.25,0.6708,0.5031
WC-1958,1958 FIFA Men's World Cup,1958,M-1958-26,1958-06-17,Group 3,Wales,Hungary,2,1,1,1536.48,1899.94,363.46,0.25,0.5,0.375
WC-1958,1958 FIFA Men's World Cup,1958,M-1958-27,1958-06-17,Group 4,Russia,England,1,0,1,1676.92,1818.86,141.94,0.25,0.7788,0.5841
WC-1962,1962 FIFA Men's World Cup,1962,M-1962-01,1962-05-30,Group 1,Uruguay,Colombia,2,1,1,1756.13,1349.34,406.79,0.25,0.5,0.375
WC-1962,1962 FIFA Men's World Cup,1962,M-1962-02,1962-05-30,Group 2,Chile,Switzerland,3,1,2,1599.72,1568.98,30.74,0.5,0.9521,0.476
WC-1962,1962 FIFA Men's World Cup,1962,M-1962-03,1962-05-30,Group 3,Brazil,Mexico,2,0,2,1952.45,1672.07,280.38,0.5,0.563,0.2815
WC-1962,1962 FIFA Men's World Cup,1962,M-1962-04,1962-05-30,Group 4,Argentina,Bulgaria,1,0,1,1824.87,1581.13,243.74,0.25,0.6201,0.4651
WC-1962,1962 FIFA Men's World Cup,1962,M-1962-05,1962-05-31,Group 1,Russia,Yugoslavia,2,0,2,1881.44,1842.54,38.9,0.5,0.9394,0.4697
WC-1962,1962 FIFA Men's World Cup,1962,M-1962-06,1962-05-31,Group 2,Germany,Italy,0,0,0,1734.76,1716.84,17.92,0.0,0.9721,0.9721
WC-1962,1962 FIFA Men's World Cup,1962,M-1962-07,1962-05-31,Group 3,Czechoslovakia,Spain,1,0,1,1802.62,1794.09,8.53,0.25,0.9867,0.74
WC-1962,1962 FIFA Men's World Cup,1962,M-1962-08,1962-05-31,Group 4,Hungary,England,2,1,1,1795.04,1769.85,25.19,0.25,0.9607,0.7206
WC-1962,1962 FIFA Men's World Cup,1962,M-1962-09,1962-06-02,Group 1,Yugoslavia,Uruguay,3,1,2,1842.54,1756.13,86.41,0.5,0.8653,0.4327
WC-1962,1962 FIFA Men's World Cup,1962,M-1962-10,1962-06-02,Group 2,Chile,Italy,2,0,2,1599.72,1716.84,117.12,0.5,0.8175,0.4087
WC-1962,1962 FIFA Men's World Cup,1962,M-1962-11,1962-06-02,Group 3,Brazil,Czechoslovakia,0,0,0,1952.45,1802.62,149.83,0.0,0.7665,0.7665
WC-1962,1962 FIFA Men's World Cup,1962,M-1962-12,1962-06-02,Group 4,England,Argentina,3,1,2,1769.85,1824.87,55.02,0.5,0.9143,0.4571
WC-1962,1962 FIFA Men's World Cup,1962,M-1962-13,1962-06-03,Group 1,Russia,Colombia,4,4,0,1881.44,1349.34,532.1,0.0,0.5,0.5
WC-1962,1962 FIFA Men's World Cup,1962,M-1962-14,1962-06-03,Group 2,Germany,Switzerland,2,1,1,1734.76,1568.98,165.78,0.25,0.7416,0.5562
WC-1962,1962 FIFA Men's World Cup,1962,M-1962-15,1962-06-03,Group 3,Spain,Mexico,1,0,1,1794.09,1672.07,122.02,0.25,0.8098,0.6074
WC-1962,1962 FIFA Men's World Cup,1962,M-1962-16,1962-06-03,Group 4,Hungary,Bulgaria,6,1,5,1795.04,1581.13,213.91,1.0,0.6666,0.0
WC-1962,1962 FIFA Men's World Cup,1962,M-1962-17,1962-06-06,Group 1,Russia,Uruguay,2,1,1,1881.44,1756.13,125.31,0.25,0.8047,0.6035
WC-1962,1962 FIFA Men's World Cup,1962,M-1962-18,1962-06-06,Group 2,Germany,Chile,2,0,2,1734.76,1599.72,135.04,0.5,0.7895,0.3948
WC-1962,1962 FIFA Men's World Cup,1962,M-1962-19,1962-06-06,Group 3,Brazil,Spain,2,1,1,1952.45,1794.09,158.36,0.25,0.7532,0.5649
WC-1962,1962 FIFA Men's World Cup,1962,M-1962-20,1962-06-06,Group 4,Hungary,Argentina,0,0,0,1795.04,1824.87,29.83,0.0,0.9535,0.9535
WC-1962,1962 FIFA Men's World Cup,1962,M-1962-21,1962-06-07,Group 1,Yugoslavia,Colombia,5,0,5,1842.54,1349.34,493.2,1.0,0.5,0.0
WC-1962,1962 FIFA Men's World Cup,1962,M-1962-22,1962-06-07,Group 2,Italy,Switzerland,3,0,3,1716.84,1568.98,147.86,0.75,0.7696,0.1924
WC-1962,1962 FIFA Men's World Cup,1962,M-1962-23,1962-06-07,Group 3,Mexico,Czechoslovakia,3,1,2,1672.07,1802.62,130.55,0.5,0.7965,0.3983
WC-1962,1962 FIFA Men's World Cup,1962,M-1962-24,1962-06-07,Group 4,England,Bulgaria,0,0,0,1769.85,1581.13,188.72,0.0,0.7059,0.7059
WC-1966,1966 FIFA Men's World Cup,1966,M-1966-01,1966-07-11,Group 1,England,Uruguay,0,0,0,1836.01,1703.43,132.58,0.0,0.7934,0.7934
WC-1966,1966 FIFA Men's World Cup,1966,M-1966-02,1966-07-12,Group 2,Germany,Switzerland,5,0,5,1806.04,1509.0,297.04,1.0,0.5371,0.0
WC-1966,1966 FIFA Men's World Cup,1966,M-1966-03,1966-07-12,Group 3,Brazil,Bulgaria,2,0,2,1859.75,1659.6,200.15,0.5,0.6881,0.344
WC-1966,1966 FIFA Men's World Cup,1966,M-1966-04,1966-07-12,Group 4,Russia,North Korea,3,0,3,1862.53,1702.68,159.85,0.75,0.7509,0.1877
WC-1966,1966 FIFA Men's World Cup,1966,M-1966-05,1966-07-13,Group 1,France,Mexico,1,1,0,1619.82,1764.24,144.42,0.0,0.7749,0.7749
WC-1966,1966 FIFA Men's World Cup,1966,M-1966-06,1966-07-13,Group 2,Argentina,Spain,2,1,1,1818.56,1735.15,83.41,0.25,0.87,0.6525
WC-1966,1966 FIFA Men's World Cup,1966,M-1966-07,1966-07-13,Group 3,Portugal,Hungary,3,1,2,1662.8,1812.49,149.69,0.5,0.7667,0.3834
WC-1966,1966 FIFA Men's World Cup,1966,M-1966-08,1966-07-13,Group 4,Italy,Chile,2,0,2,1822.19,1619.71,202.48,0.5,0.6844,0.3422
WC-1966,1966 FIFA Men's World Cup,1966,M-1966-09,1966-07-15,Group 1,Uruguay,France,2,1,1,1703.43,1619.82,83.61,0.25,0.8697,0.6523
WC-1966,1966 FIFA Men's World Cup,1966,M-1966-10,1966-07-15,Group 2,Spain,Switzerland,2,1,1,1735.15,1509.0,226.15,0.25,0.6475,0.4857
WC-1966,1966 FIFA Men's World Cup,1966,M-1966-11,1966-07-15,Group 3,Hungary,Brazil,3,1,2,1812.49,1859.75,47.26,0.5,0.9263,0.4632
WC-1966,1966 FIFA Men's World Cup,1966,M-1966-12,1966-07-15,Group 4,Chile,North Korea,1,1,0,1619.71,1702.68,82.97,0.0,0.8707,0.8707
WC-1966,1966 FIFA Men's World Cup,1966,M-1966-13,1966-07-16,Group 2,Argentina,Germany,0,0,0,1818.56,1806.04,12.52,0.0,0.9805,0.9805
WC-1966,1966 FIFA Men's World Cup,1966,M-1966-14,1966-07-16,Group 3,Portugal,Bulgaria,3,0,3,1662.8,1659.6,3.2,0.75,0.995,0.2488
WC-1966,1966 FIFA Men's World Cup,1966,M-1966-15,1966-07-16,Group 4,Russia,Italy,1,0,1,1862.53,1822.19,40.34,0.25,0.9371,0.7028
WC-1966,1966 FIFA Men's World Cup,1966,M-1966-16,1966-07-16,Group 1,England,Mexico,2,0,2,1836.01,1764.24,71.77,0.5,0.8881,0.4441
WC-1966,1966 FIFA Men's World Cup,1966,M-1966-17,1966-07-19,Group 1,Mexico,Uruguay,0,0,0,1764.24,1703.43,60.81,0.0,0.9052,0.9052
WC-1966,1966 FIFA Men's World Cup,1966,M-1966-18,1966-07-19,Group 2,Argentina,Switzerland,2,0,2,1818.56,1509.0,309.56,0.5,0.5175,0.2588
WC-1966,1966 FIFA Men's World Cup,1966,M-1966-19,1966-07-19,Group 3,Portugal,Brazil,3,1,2,1662.8,1859.75,196.95,0.5,0.6931,0.3465
WC-1966,1966 FIFA Men's World Cup,1966,M-1966-20,1966-07-19,Group 4,North Korea,Italy,1,0,1,1702.68,1822.19,119.51,0.25,0.8137,0.6103
WC-1966,1966 FIFA Men's World Cup,1966,M-1966-21,1966-07-20,Group 1,England,France,2,0,2,1836.01,1619.82,216.19,0.5,0.6631,0.3315
WC-1966,1966 FIFA Men's World Cup,1966,M-1966-22,1966-07-20,Group 2,Germany,Spain,2,1,1,1806.04,1735.15,70.89,0.25,0.8895,0.6671
WC-1966,1966 FIFA Men's World Cup,1966,M-1966-23,1966-07-20,Group 3,Hungary,Bulgaria,3,1,2,1812.49,1659.6,152.89,0.5,0.7617,0.3809
WC-1966,1966 FIFA Men's World Cup,1966,M-1966-24,1966-07-20,Group 4,Russia,Chile,2,1,1,1862.53,1619.71,242.82,0.25,0.6216,0.4662
WC-1970,1970 FIFA Men's World Cup,1970,M-1970-01,1970-05-31,Group 1,Mexico,Russia,0,0,0,1630.99,1856.19,225.2,0.0,0.649,0.649
WC-1970,1970 FIFA Men's World Cup,1970,M-1970-02,1970-06-02,Group 2,Uruguay,Israel,2,0,2,1735.17,1571.0,164.17,0.5,0.7441,0.3721
WC-1970,1970 FIFA Men's World Cup,1970,M-1970-03,1970-06-02,Group 3,England,Romania,1,0,1,1925.97,1649.2,276.77,0.25,0.5687,0.4265
WC-1970,1970 FIFA Men's World Cup,1970,M-1970-04,1970-06-02,Group 4,Peru,Bulgaria,3,2,1,1588.91,1678.54,89.63,0.25,0.8603,0.6452
WC-1970,1970 FIFA Men's World Cup,1970,M-1970-05,1970-06-03,Group 1,Belgium,El Salvador,3,0,3,1641.47,1543.37,98.1,0.75,0.8471,0.2118
WC-1970,1970 FIFA Men's World Cup,1970,M-1970-06,1970-06-03,Group 2,Italy,Sweden,1,0,1,1862.98,1713.57,149.41,0.25,0.7671,0.5754
WC-1970,1970 FIFA Men's World Cup,1970,M-1970-07,1970-06-03,Group 3,Brazil,Czechoslovakia,4,1,3,1881.43,1809.19,72.24,0.75,0.8874,0.2219
WC-1970,1970 FIFA Men's World Cup,1970,M-1970-08,1970-06-03,Group 4,Germany,Morocco,2,1,1,1852.05,1599.24,252.81,0.25,0.606,0.4545
WC-1970,1970 FIFA Men's World Cup,1970,M-1970-09,1970-06-06,Group 1,Russia,Belgium,4,1,3,1856.19,1641.47,214.72,0.75,0.6654,0.1663
WC-1970,1970 FIFA Men's World Cup,1970,M-1970-10,1970-06-06,Group 2,Uruguay,Italy,0,0,0,1735.17,1862.98,127.81,0.0,0.8008,0.8008
WC-1970,1970 FIFA Men's World Cup,1970,M-1970-11,1970-06-06,Group 3,Romania,Czechoslovakia,2,1,1,1649.2,1809.19,159.99,0.25,0.7507,0.563
WC-1970,1970 FIFA Men's World Cup,1970,M-1970-12,1970-06-06,Group 4,Peru,Morocco,3,0,3,1588.91,1599.24,10.33,0.75,0.9839,0.246
WC-1970,1970 FIFA Men's World Cup,1970,M-1970-13,1970-06-07,Group 1,Mexico,El Salvador,4,0,4,1630.99,1543.37,87.62,1.0,0.8634,0.0
WC-1970,1970 FIFA Men's World Cup,1970,M-1970-14,1970-06-07,Group 2,Sweden,Israel,1,1,0,1713.57,1571.0,142.57,0.0,0.7778,0.7778
WC-1970,1970 FIFA Men's World Cup,1970,M-1970-15,1970-06-07,Group 3,Brazil,England,1,0,1,1881.43,1925.97,44.54,0.25,0.9306,0.6979
WC-1970,1970 FIFA Men's World Cup,1970,M-1970-16,1970-06-07,Group 4,Germany,Bulgaria,5,2,3,1852.05,1678.54,173.51,0.75,0.7296,0.1824
WC-1970,1970 FIFA Men's World Cup,1970,M-1970-17,1970-06-10,Group 1,Russia,El Salvador,2,0,2,1856.19,1543.37,312.82,0.5,0.5125,0.2562
WC-1970,1970 FIFA Men's World Cup,1970,M-1970-18,1970-06-10,Group 2,Sweden,Uruguay,1,0,1,1713.57,1735.17,21.6,0.25,0.9663,0.7248
WC-1970,1970 FIFA Men's World Cup,1970,M-1970-19,1970-06-10,Group 3,Brazil,Romania,3,2,1,1881.43,1649.2,232.23,0.25,0.6381,0.4786
WC-1970,1970 FIFA Men's World Cup,1970,M-1970-20,1970-06-10,Group 4,Germany,Peru,3,1,2,1852.05,1588.91,263.14,0.5,0.5899,0.2949
WC-1970,1970 FIFA Men's World Cup,1970,M-1970-21,1970-06-11,Group 1,Mexico,Belgium,1,0,1,1630.99,1641.47,10.48,0.25,0.9837,0.7378
WC-1970,1970 FIFA Men's World Cup,1970,M-1970-22,1970-06-11,Group 2,Italy,Israel,0,0,0,1862.98,1571.0,291.98,0.0,0.5449,0.5449
WC-1970,1970 FIFA Men's World Cup,1970,M-1970-23,1970-06-11,Group 3,England,Czechoslovakia,1,0,1,1925.97,1809.19,116.78,0.25,0.818,0.6135
WC-1970,1970 FIFA Men's World Cup,1970,M-1970-24,1970-06-11,Group 4,Bulgaria,Morocco,1,1,0,1678.54,1599.24,79.3,0.0,0.8764,0.8764
WC-1974,1974 FIFA Men's World Cup,1974,M-1974-01,1974-06-13,Group 2,Brazil,Yugoslavia,0,0,0,1993.7,1793.78,199.92,0.0,0.6884,0.6884
WC-1974,1974 FIFA Men's World Cup,1974,M-1974-02,1974-06-14,Group 1,Germany,Chile,1,0,1,1979.98,1702.02,277.96,0.25,0.5668,0.4251
WC-1974,1974 FIFA Men's World Cup,1974,M-1974-03,1974-06-14,Group 1,East Germany,Australia,2,0,2,,1688.7,,0.5,,
WC-1974,1974 FIFA Men's World Cup,1974,M-1974-04,1974-06-14,Group 2,DR Congo,Scotland,0,2,2,1798.75,1669.83,128.92,0.5,0.7991,0.3995
WC-1974,1974 FIFA Men's World Cup,1974,M-1974-05,1974-06-15,Group 3,Sweden,Bulgaria,0,0,0,1755.91,1727.11,28.8,0.0,0.9551,0.9551
WC-1974,1974 FIFA Men's World Cup,1974,M-1974-06,1974-06-15,Group 3,Uruguay,Netherlands,0,2,2,1671.09,1711.48,40.39,0.5,0.9371,0.4685
WC-1974,1974 FIFA Men's World Cup,1974,M-1974-07,1974-06-15,Group 4,Italy,Haiti,3,1,2,1872.79,1576.3,296.49,0.5,0.5379,0.269
WC-1974,1974 FIFA Men's World Cup,1974,M-1974-08,1974-06-15,Group 4,Poland,Argentina,3,2,1,1756.9,1772.02,15.12,0.25,0.9764,0.7323
WC-1974,1974 FIFA Men's World Cup,1974,M-1974-09,1974-06-18,Group 1,Australia,Germany,0,3,3,1688.7,1979.98,291.28,0.75,0.546,0.1365
WC-1974,1974 FIFA Men's World Cup,1974,M-1974-10,1974-06-18,Group 1,Chile,East Germany,1,1,0,1702.02,,,0.0,,
WC-1974,1974 FIFA Men's World Cup,1974,M-1974-11,1974-06-18,Group 2,Scotland,Brazil,0,0,0,1669.83,1993.7,323.87,0.0,0.5,0.5
WC-1974,1974 FIFA Men's World Cup,1974,M-1974-12,1974-06-18,Group 2,Yugoslavia,DR Congo,9,0,9,1793.78,1798.75,4.97,1.0,0.9923,0.0
WC-1974,1974 FIFA Men's World Cup,1974,M-1974-13,1974-06-19,Group 3,Bulgaria,Uruguay,1,1,0,1727.11,1671.09,56.02,0.0,0.9127,0.9127
WC-1974,1974 FIFA Men's World Cup,1974,M-1974-14,1974-06-19,Group 3,Netherlands,Sweden,0,0,0,1711.48,1755.91,44.43,0.0,0.9308,0.9308
WC-1974,1974 FIFA Men's World Cup,1974,M-1974-15,1974-06-19,Group 4,Argentina,Italy,1,1,0,1772.02,1872.79,100.77,0.0,0.8429,0.8429
WC-1974,1974 FIFA Men's World Cup,1974,M-1974-16,1974-06-19,Group 4,Haiti,Poland,0,7,7,1576.3,1756.9,180.6,1.0,0.7185,0.0
WC-1974,1974 FIFA Men's World Cup,1974,M-1974-17,1974-06-22,Group 1,Australia,Chile,0,0,0,1688.7,1702.02,13.32,0.0,0.9792,0.9792
WC-1974,1974 FIFA Men's World Cup,1974,M-1974-18,1974-06-22,Group 2,Scotland,Yugoslavia,1,1,0,1669.83,1793.78,123.95,0.0,0.8068,0.8068
WC-1974,1974 FIFA Men's World Cup,1974,M-1974-19,1974-06-22,Group 2,DR Congo,Brazil,0,3,3,1798.75,1993.7,194.95,0.75,0.6962,0.174
WC-1974,1974 FIFA Men's World Cup,1974,M-1974-20,1974-06-22,Group 1,East Germany,Germany,1,0,1,,1979.98,,0.25,,
WC-1974,1974 FIFA Men's World Cup,1974,M-1974-21,1974-06-23,Group 3,Bulgaria,Netherlands,1,4,3,1727.11,1711.48,15.63,0.75,0.9756,0.2439
WC-1974,1974 FIFA Men's World Cup,1974,M-1974-22,1974-06-23,Group 3,Sweden,Uruguay,3,0,3,1755.91,1671.09,84.82,0.75,0.8678,0.217
WC-1974,1974 FIFA Men's World Cup,1974,M-1974-23,1974-06-23,Group 4,Argentina,Haiti,4,1,3,1772.02,1576.3,195.72,0.75,0.695,0.1737
WC-1974,1974 FIFA Men's World Cup,1974,M-1974-24,1974-06-23,Group 4,Poland,Italy,2,1,1,1756.9,1872.79,115.89,0.25,0.8194,0.6145
WC-1974,1974 FIFA Men's World Cup,1974,M-1974-25,1974-06-26,Group B,Yugoslavia,Germany,0,2,2,1793.78,1979.98,186.2,0.5,0.7098,0.3549
WC-1974,1974 FIFA Men's World Cup,1974,M-1974-26,1974-06-26,Group A,Brazil,East Germany,1,0,1,1993.7,,,0.25,,
WC-1974,1974 FIFA Men's World Cup,1974,M-1974-27,1974-06-26,Group A,Netherlands,Argentina,4,0,4,1711.48,1772.02,60.54,1.0,0.9056,0.0
WC-1974,1974 FIFA Men's World Cup,1974,M-1974-28,1974-06-26,Group B,Sweden,Poland,0,1,1,1755.91,1756.9,0.99,0.25,0.9985,0.7488
WC-1974,1974 FIFA Men's World Cup,1974,M-1974-29,1974-06-30,Group A,Argentina,Brazil,1,2,1,1772.02,1993.7,221.68,0.25,0.6545,0.4909
WC-1974,1974 FIFA Men's World Cup,1974,M-1974-30,1974-06-30,Group A,East Germany,Netherlands,0,2,2,,1711.48,,0.5,,
WC-1974,1974 FIFA Men's World Cup,1974,M-1974-31,1974-06-30,Group B,Poland,Yugoslavia,2,1,1,1756.9,1793.78,36.88,0.25,0.9425,0.7069
WC-1974,1974 FIFA Men's World Cup,1974,M-1974-32,1974-06-30,Group B,Germany,Sweden,4,2,2,1979.98,1755.91,224.07,0.5,0.6508,0.3254
WC-1974,1974 FIFA Men's World Cup,1974,M-1974-33,1974-07-03,Group B,Poland,Germany,0,1,1,1756.9,1979.98,223.08,0.25,0.6523,0.4892
WC-1974,1974 FIFA Men's World Cup,1974,M-1974-34,1974-07-03,Group A,Argentina,East Germany,1,1,0,1772.02,,,0.0,,
WC-1974,1974 FIFA Men's World Cup,1974,M-1974-35,1974-07-03,Group A,Netherlands,Brazil,2,0,2,1711.48,1993.7,282.22,0.5,0.5602,0.2801
WC-1974,1974 FIFA Men's World Cup,1974,M-1974-36,1974-07-03,Group B,Sweden,Yugoslavia,2,1,1,1755.91,1793.78,37.87,0.25,0.941,0.7057
WC-1978,1978 FIFA Men's World Cup,1978,M-1978-01,1978-06-01,Group 2,Germany,Poland,0,0,0,1972.36,1821.09,151.27,0.0,0.7642,0.7642
WC-1978,1978 FIFA Men's World Cup,1978,M-1978-02,1978-06-02,Group 1,Italy,France,2,1,1,1816.04,1770.4,45.64,0.25,0.9289,0.6967
WC-1978,1978 FIFA Men's World Cup,1978,M-1978-03,1978-06-02,Group 2,Tunisia,Mexico,3,1,2,1716.23,1711.34,4.89,0.5,0.9924,0.4962
WC-1978,1978 FIFA Men's World Cup,1978,M-1978-04,1978-06-02,Group 1,Argentina,Hungary,2,1,1,1830.97,1791.69,39.28,0.25,0.9388,0.7041
WC-1978,1978 FIFA Men's World Cup,1978,M-1978-05,1978-06-03,Group 3,Austria,Spain,2,1,1,1737.38,1828.64,91.26,0.25,0.8578,0.6433
WC-1978,1978 FIFA Men's World Cup,1978,M-1978-06,1978-06-03,Group 3,Brazil,Sweden,1,1,0,1959.09,1676.65,282.44,0.0,0.5598,0.5598
WC-1978,1978 FIFA Men's World Cup,1978,M-1978-07,1978-06-03,Group 4,Netherlands,Iran,3,0,3,1986.03,1801.05,184.98,0.75,0.7117,0.1779
WC-1978,1978 FIFA Men's World Cup,1978,M-1978-08,1978-06-03,Group 4,Peru,Scotland,3,1,2,1662.52,1816.57,154.05,0.5,0.7599,0.38
WC-1978,1978 FIFA Men's World Cup,1978,M-1978-09,1978-06-06,Group 1,Italy,Hungary,3,1,2,1816.04,1791.69,24.35,0.5,0.9621,0.481
WC-1978,1978 FIFA Men's World Cup,1978,M-1978-10,1978-06-06,Group 2,Poland,Tunisia,1,0,1,1821.09,1716.23,104.86,0.25,0.8366,0.6274
WC-1978,1978 FIFA Men's World Cup,1978,M-1978-11,1978-06-06,Group 2,Germany,Mexico,6,0,6,1972.36,1711.34,261.02,1.0,0.5932,0.0
WC-1978,1978 FIFA Men's World Cup,1978,M-1978-12,1978-06-06,Group 1,Argentina,France,2,1,1,1830.97,1770.4,60.57,0.25,0.9056,0.6792
WC-1978,1978 FIFA Men's World Cup,1978,M-1978-13,1978-06-07,Group 3,Austria,Sweden,1,0,1,1737.38,1676.65,60.73,0.25,0.9054,0.679
WC-1978,1978 FIFA Men's World Cup,1978,M-1978-14,1978-06-07,Group 3,Brazil,Spain,0,0,0,1959.09,1828.64,130.45,0.0,0.7967,0.7967
WC-1978,1978 FIFA Men's World Cup,1978,M-1978-15,1978-06-07,Group 4,Netherlands,Peru,0,0,0,1986.03,1662.52,323.51,0.0,0.5,0.5
WC-1978,1978 FIFA Men's World Cup,1978,M-1978-16,1978-06-07,Group 4,Scotland,Iran,1,1,0,1816.57,1801.05,15.52,0.0,0.9758,0.9758
WC-1978,1978 FIFA Men's World Cup,1978,M-1978-17,1978-06-10,Group 1,France,Hungary,3,1,2,1770.4,1791.69,21.29,0.5,0.9668,0.4834
WC-1978,1978 FIFA Men's World Cup,1978,M-1978-18,1978-06-10,Group 2,Poland,Mexico,3,1,2,1821.09,1711.34,109.75,0.5,0.829,0.4145
WC-1978,1978 FIFA Men's World Cup,1978,M-1978-19,1978-06-10,Group 2,Germany,Tunisia,0,0,0,1972.36,1716.23,256.13,0.0,0.6008,0.6008
WC-1978,1978 FIFA Men's World Cup,1978,M-1978-20,1978-06-10,Group 1,Argentina,Italy,0,1,1,1830.97,1816.04,14.93,0.25,0.9767,0.7325
WC-1978,1978 FIFA Men's World Cup,1978,M-1978-21,1978-06-11,Group 3,Brazil,Austria,1,0,1,1959.09,1737.38,221.71,0.25,0.6545,0.4908
WC-1978,1978 FIFA Men's World Cup,1978,M-1978-22,1978-06-11,Group 3,Spain,Sweden,1,0,1,1828.64,1676.65,151.99,0.25,0.7631,0.5723
WC-1978,1978 FIFA Men's World Cup,1978,M-1978-23,1978-06-11,Group 4,Peru,Iran,4,1,3,1662.52,1801.05,138.53,0.75,0.7841,0.196
WC-1978,1978 FIFA Men's World Cup,1978,M-1978-24,1978-06-11,Group 4,Scotland,Netherlands,3,2,1,1816.57,1986.03,169.46,0.25,0.7359,0.5519
WC-1978,1978 FIFA Men's World Cup,1978,M-1978-25,1978-06-14,Group A,Austria,Netherlands,1,5,4,1737.38,1986.03,248.65,1.0,0.6125,0.0
WC-1978,1978 FIFA Men's World Cup,1978,M-1978-26,1978-06-14,Group A,Italy,Germany,0,0,0,1816.04,1972.36,156.32,0.0,0.7564,0.7564
WC-1978,1978 FIFA Men's World Cup,1978,M-1978-27,1978-06-14,Group B,Brazil,Peru,3,0,3,1959.09,1662.52,296.57,0.75,0.5378,0.1344
WC-1978,1978 FIFA Men's World Cup,1978,M-1978-28,1978-06-14,Group B,Argentina,Poland,2,0,2,1830.97,1821.09,9.88,0.5,0.9846,0.4923
WC-1978,1978 FIFA Men's World Cup,1978,M-1978-29,1978-06-18,Group B,Peru,Poland,0,1,1,1662.52,1821.09,158.57,0.25,0.7529,0.5647
WC-1978,1978 FIFA Men's World Cup,1978,M-1978-30,1978-06-18,Group A,Italy,Austria,1,0,1,1816.04,1737.38,78.66,0.25,0.8774,0.6581
WC-1978,1978 FIFA Men's World Cup,1978,M-1978-31,1978-06-18,Group A,Netherlands,Germany,2,2,0,1986.03,1972.36,13.67,0.0,0.9787,0.9787
WC-1978,1978 FIFA Men's World Cup,1978,M-1978-32,1978-06-18,Group B,Argentina,Brazil,0,0,0,1830.97,1959.09,128.12,0.0,0.8003,0.8003
WC-1978,1978 FIFA Men's World Cup,1978,M-1978-33,1978-06-21,Group A,Austria,Germany,3,2,1,1737.38,1972.36,234.98,0.25,0.6338,0.4753
WC-1978,1978 FIFA Men's World Cup,1978,M-1978-34,1978-06-21,Group A,Italy,Netherlands,1,2,1,1816.04,1986.03,169.99,0.25,0.7351,0.5513
WC-1978,1978 FIFA Men's World Cup,1978,M-1978-35,1978-06-21,Group B,Brazil,Poland,3,1,2,1959.09,1821.09,138.0,0.5,0.7849,0.3925
WC-1978,1978 FIFA Men's World Cup,1978,M-1978-36,1978-06-21,Group B,Argentina,Peru,6,0,6,1830.97,1662.52,168.45,1.0,0.7375,0.0
WC-1982,1982 FIFA Men's World Cup,1982,M-1982-01,1982-06-13,Group 3,Argentina,Belgium,0,1,1,1891.7,1800.77,90.93,0.25,0.8583,0.6437
WC-1982,1982 FIFA Men's World Cup,1982,M-1982-02,1982-06-14,Group 1,Italy,Poland,0,0,0,1788.26,1851.52,63.26,0.0,0.9014,0.9014
WC-1982,1982 FIFA Men's World Cup,1982,M-1982-03,1982-06-14,Group 6,Brazil,Russia,2,1,1,1984.61,1917.07,67.54,0.25,0.8947,0.6711
WC-1982,1982 FIFA Men's World Cup,1982,M-1982-04,1982-06-15,Group 1,Peru,Cameroon,0,0,0,1682.85,1695.51,12.66,0.0,0.9803,0.9803
WC-1982,1982 FIFA Men's World Cup,1982,M-1982-05,1982-06-15,Group 3,Hungary,El Salvador,10,1,9,1709.47,1596.33,113.14,1.0,0.8237,0.0
WC-1982,1982 FIFA Men's World Cup,1982,M-1982-06,1982-06-15,Group 6,Scotland,New Zealand,5,2,3,1727.47,1712.8,14.67,0.75,0.9771,0.2443
WC-1982,1982 FIFA Men's World Cup,1982,M-1982-07,1982-06-16,Group 2,Germany,Algeria,1,2,1,2009.41,1674.16,335.25,0.25,0.5,0.375
WC-1982,1982 FIFA Men's World Cup,1982,M-1982-08,1982-06-16,Group 4,England,France,3,1,2,1843.19,1771.91,71.28,0.5,0.8889,0.4445
WC-1982,1982 FIFA Men's World Cup,1982,M-1982-09,1982-06-16,Group 5,Spain,Honduras,1,1,0,1763.21,1607.64,155.57,0.0,0.7575,0.7575
WC-1982,1982 FIFA Men's World Cup,1982,M-1982-10,1982-06-17,Group 2,Chile,Austria,0,1,1,1680.79,1806.43,125.64,0.25,0.8042,0.6031
WC-1982,1982 FIFA Men's World Cup,1982,M-1982-11,1982-06-17,Group 4,Czechoslovakia,Kuwait,1,1,0,1785.29,1738.72,46.57,0.0,0.9274,0.9274
WC-1982,1982 FIFA Men's World Cup,1982,M-1982-12,1982-06-17,Group 5,Yugoslavia,Northern Ireland,0,0,0,1806.73,1637.92,168.81,0.0,0.7369,0.7369
WC-1982,1982 FIFA Men's World Cup,1982,M-1982-13,1982-06-18,Group 1,Italy,Peru,1,1,0,1788.26,1682.85,105.41,0.0,0.8357,0.8357
WC-1982,1982 FIFA Men's World Cup,1982,M-1982-14,1982-06-18,Group 3,Argentina,Hungary,4,1,3,1891.7,1709.47,182.23,0.75,0.716,0.179
WC-1982,1982 FIFA Men's World Cup,1982,M-1982-15,1982-06-18,Group 6,Brazil,Scotland,4,1,3,1984.61,1727.47,257.14,0.75,0.5992,0.1498
WC-1982,1982 FIFA Men's World Cup,1982,M-1982-16,1982-06-19,Group 1,Poland,Cameroon,0,0,0,1851.52,1695.51,156.01,0.0,0.7569,0.7569
WC-1982,1982 FIFA Men's World Cup,1982,M-1982-17,1982-06-19,Group 3,Belgium,El Salvador,1,0,1,1800.77,1596.33,204.44,0.25,0.6814,0.511
WC-1982,1982 FIFA Men's World Cup,1982,M-1982-18,1982-06-19,Group 6,Russia,New Zealand,3,0,3,1917.07,1712.8,204.27,0.75,0.6816,0.1704
WC-1982,1982 FIFA Men's World Cup,1982,M-1982-19,1982-06-20,Group 2,Germany,Chile,4,1,3,2009.41,1680.79,328.62,0.75,0.5,0.125
WC-1982,1982 FIFA Men's World Cup,1982,M-1982-20,1982-06-20,Group 4,England,Czechoslovakia,2,0,2,1843.19,1785.29,57.9,0.5,0.9098,0.4549
WC-1982,1982 FIFA Men's World Cup,1982,M-1982-21,1982-06-20,Group 5,Spain,Yugoslavia,2,1,1,1763.21,1806.73,43.52,0.25,0.9322,0.6991
WC-1982,1982 FIFA Men's World Cup,1982,M-1982-22,1982-06-21,Group 2,Algeria,Austria,0,2,2,1674.16,1806.43,132.27,0.5,0.7939,0.3969
WC-1982,1982 FIFA Men's World Cup,1982,M-1982-23,1982-06-21,Group 4,France,Kuwait,4,1,3,1771.91,1738.72,33.19,0.75,0.9483,0.2371
WC-1982,1982 FIFA Men's World Cup,1982,M-1982-24,1982-06-21,Group 5,Honduras,Northern Ireland,1,1,0,1607.64,1637.92,30.28,0.0,0.9528,0.9528
WC-1982,1982 FIFA Men's World Cup,1982,M-1982-25,1982-06-22,Group 1,Poland,Peru,5,1,4,1851.52,1682.85,168.67,1.0,0.7371,0.0
WC-1982,1982 FIFA Men's World Cup,1982,M-1982-26,1982-06-22,Group 3,Belgium,Hungary,1,1,0,1800.77,1709.47,91.3,0.0,0.8577,0.8577
WC-1982,1982 FIFA Men's World Cup,1982,M-1982-27,1982-06-22,Group 6,Russia,Scotland,2,2,0,1917.07,1727.47,189.6,0.0,0.7045,0.7045
WC-1982,1982 FIFA Men's World Cup,1982,M-1982-28,1982-06-23,Group 1,Italy,Cameroon,1,1,0,1788.26,1695.51,92.75,0.0,0.8554,0.8554
WC-1982,1982 FIFA Men's World Cup,1982,M-1982-29,1982-06-23,Group 3,Argentina,El Salvador,2,0,2,1891.7,1596.33,295.37,0.5,0.5397,0.2698
WC-1982,1982 FIFA Men's World Cup,1982,M-1982-30,1982-06-23,Group 6,Brazil,New Zealand,4,0,4,1984.61,1712.8,271.81,1.0,0.5764,0.0
WC-1982,1982 FIFA Men's World Cup,1982,M-1982-31,1982-06-24,Group 2,Algeria,Chile,3,2,1,1674.16,1680.79,6.63,0.25,0.9897,0.7423
WC-1982,1982 FIFA Men's World Cup,1982,M-1982-32,1982-06-24,Group 4,France,Czechoslovakia,1,1,0,1771.91,1785.29,13.38,0.0,0.9791,0.9791
WC-1982,1982 FIFA Men's World Cup,1982,M-1982-33,1982-06-24,Group 5,Honduras,Yugoslavia,0,1,1,1607.64,1806.73,199.09,0.25,0.6897,0.5173
WC-1982,1982 FIFA Men's World Cup,1982,M-1982-34,1982-06-25,Group 2,Germany,Austria,1,0,1,2009.41,1806.43,202.98,0.25,0.6837,0.5127
WC-1982,1982 FIFA Men's World Cup,1982,M-1982-35,1982-06-25,Group 4,England,Kuwait,1,0,1,1843.19,1738.72,104.47,0.25,0.8372,0.6279
WC-1982,1982 FIFA Men's World Cup,1982,M-1982-36,1982-06-25,Group 5,Spain,Northern Ireland,0,1,1,1763.21,1637.92,125.29,0.25,0.8047,0.6036
WC-1982,1982 FIFA Men's World Cup,1982,M-1982-37,1982-06-28,Group 4,Austria,France,0,1,1,1806.43,1771.91,34.52,0.25,0.9462,0.7097
WC-1982,1982 FIFA Men's World Cup,1982,M-1982-38,1982-06-28,Group 1,Poland,Belgium,3,0,3,1851.52,1800.77,50.75,0.75,0.9209,0.2302
WC-1982,1982 FIFA Men's World Cup,1982,M-1982-39,1982-06-29,Group 3,Italy,Argentina,2,1,1,1788.26,1891.7,103.44,0.25,0.8388,0.6291
WC-1982,1982 FIFA Men's World Cup,1982,M-1982-40,1982-06-29,Group 2,Germany,England,0,0,0,2009.41,1843.19,166.22,0.0,0.7409,0.7409
WC-1982,1982 FIFA Men's World Cup,1982,M-1982-41,1982-07-01,Group 4,Austria,Northern Ireland,2,2,0,1806.43,1637.92,168.51,0.0,0.7374,0.7374
WC-1982,1982 FIFA Men's World Cup,1982,M-1982-42,1982-07-01,Group 1,Belgium,Russia,0,1,1,1800.77,1917.07,116.3,0.25,0.8187,0.6141
WC-1982,1982 FIFA Men's World Cup,1982,M-1982-43,1982-07-02,Group 3,Argentina,Brazil,1,3,2,1891.7,1984.61,92.91,0.5,0.8552,0.4276
WC-1982,1982 FIFA Men's World Cup,1982,M-1982-44,1982-07-02,Group 2,Germany,Spain,2,1,1,2009.41,1763.21,246.2,0.25,0.6163,0.4622
WC-1982,1982 FIFA Men's World Cup,1982,M-1982-45,1982-07-04,Group 4,France,Northern Ireland,4,1,3,1771.91,1637.92,133.99,0.75,0.7912,0.1978
WC-1982,1982 FIFA Men's World Cup,1982,M-1982-46,1982-07-04,Group 1,Russia,Poland,0,0,0,1917.07,1851.52,65.55,0.0,0.8978,0.8978
WC-1982,1982 FIFA Men's World Cup,1982,M-1982-47,1982-07-05,Group 3,Italy,Brazil,3,2,1,1788.26,1984.61,196.35,0.25,0.694,0.5205
WC-1982,1982 FIFA Men's World Cup,1982,M-1982-48,1982-07-05,Group 2,Spain,England,0,0,0,1763.21,1843.19,79.98,0.0,0.8754,0.8754
WC-1986,1986 FIFA Men's World Cup,1986,M-1986-01,1986-05-31,Group A,Bulgaria,Italy,1,1,0,1736.2,1790.94,54.74,0.0,0.9147,0.9147
WC-1986,1986 FIFA Men's World Cup,1986,M-1986-02,1986-06-01,Group D,Spain,Brazil,0,1,1,1804.69,1822.51,17.82,0.25,0.9722,0.7292
WC-1986,1986 FIFA Men's World Cup,1986,M-1986-03,1986-06-01,Group C,Canada,France,0,1,1,1604.34,1887.26,282.92,0.25,0.5591,0.4193
WC-1986,1986 FIFA Men's World Cup,1986,M-1986-04,1986-06-02,Group A,Argentina,South Korea,3,1,2,1777.23,1706.99,70.24,0.5,0.8905,0.4453
WC-1986,1986 FIFA Men's World Cup,1986,M-1986-05,1986-06-02,Group C,Russia,Hungary,6,0,6,1875.95,1825.4,50.55,1.0,0.9212,0.0
WC-1986,1986 FIFA Men's World Cup,1986,M-1986-06,1986-06-02,Group F,Morocco,Poland,0,0,0,1689.94,1726.33,36.39,0.0,0.9433,0.9433
WC-1986,1986 FIFA Men's World Cup,1986,M-1986-07,1986-06-03,Group B,Belgium,Mexico,1,2,1,1724.85,1798.26,73.41,0.25,0.8856,0.6642
WC-1986,1986 FIFA Men's World Cup,1986,M-1986-08,1986-06-03,Group D,Algeria,Northern Ireland,1,1,0,1709.0,1757.13,48.13,0.0,0.925,0.925
WC-1986,1986 FIFA Men's World Cup,1986,M-1986-09,1986-06-03,Group F,Portugal,England,1,0,1,1706.26,1907.28,201.02,0.25,0.6867,0.515
WC-1986,1986 FIFA Men's World Cup,1986,M-1986-10,1986-06-04,Group B,Paraguay,Iraq,1,0,1,1733.24,1695.47,37.77,0.25,0.9411,0.7059
WC-1986,1986 FIFA Men's World Cup,1986,M-1986-11,1986-06-04,Group E,Uruguay,Germany,1,1,0,1791.86,1859.94,68.08,0.0,0.8939,0.8939
WC-1986,1986 FIFA Men's World Cup,1986,M-1986-12,1986-06-04,Group E,Scotland,Denmark,0,1,1,1798.37,1808.31,9.94,0.25,0.9845,0.7384
WC-1986,1986 FIFA Men's World Cup,1986,M-1986-13,1986-06-05,Group A,Italy,Argentina,1,1,0,1790.94,1777.23,13.71,0.0,0.9786,0.9786
WC-1986,1986 FIFA Men's World Cup,1986,M-1986-14,1986-06-05,Group C,France,Russia,1,1,0,1887.26,1875.95,11.31,0.0,0.9824,0.9824
WC-1986,1986 FIFA Men's World Cup,1986,M-1986-15,1986-06-05,Group A,South Korea,Bulgaria,1,1,0,1706.99,1736.2,29.21,0.0,0.9545,0.9545
WC-1986,1986 FIFA Men's World Cup,1986,M-1986-16,1986-06-06,Group C,Hungary,Canada,2,0,2,1825.4,1604.34,221.06,0.5,0.6555,0.3277
WC-1986,1986 FIFA Men's World Cup,1986,M-1986-17,1986-06-06,Group D,Brazil,Algeria,1,0,1,1822.51,1709.0,113.51,0.25,0.8231,0.6173
WC-1986,1986 FIFA Men's World Cup,1986,M-1986-18,1986-06-06,Group F,England,Morocco,0,0,0,1907.28,1689.94,217.34,0.0,0.6613,0.6613
WC-1986,1986 FIFA Men's World Cup,1986,M-1986-19,1986-06-07,Group B,Mexico,Paraguay,1,1,0,1798.26,1733.24,65.02,0.0,0.8987,0.8987
WC-1986,1986 FIFA Men's World Cup,1986,M-1986-20,1986-06-07,Group D,Northern Ireland,Spain,1,2,1,1757.13,1804.69,47.56,0.25,0.9259,0.6944
WC-1986,1986 FIFA Men's World Cup,1986,M-1986-21,1986-06-07,Group F,Poland,Portugal,1,0,1,1726.33,1706.26,20.07,0.25,0.9687,0.7265
WC-1986,1986 FIFA Men's World Cup,1986,M-1986-22,1986-06-08,Group B,Iraq,Belgium,1,2,1,1695.47,1724.85,29.38,0.25,0.9542,0.7157
WC-1986,1986 FIFA Men's World Cup,1986,M-1986-23,1986-06-08,Group E,Germany,Scotland,2,1,1,1859.94,1798.37,61.57,0.25,0.904,0.678
WC-1986,1986 FIFA Men's World Cup,1986,M-1986-24,1986-06-08,Group E,Denmark,Uruguay,6,1,5,1808.31,1791.86,16.45,1.0,0.9744,0.0
WC-1986,1986 FIFA Men's World Cup,1986,M-1986-25,1986-06-09,Group C,Hungary,France,0,3,3,1825.4,1887.26,61.86,0.75,0.9036,0.2259
WC-1986,1986 FIFA Men's World Cup,1986,M-1986-26,1986-06-09,Group C,Russia,Canada,2,0,2,1875.95,1604.34,271.61,0.5,0.5767,0.2883
WC-1986,1986 FIFA Men's World Cup,1986,M-1986-27,1986-06-10,Group A,Argentina,Bulgaria,2,0,2,1777.23,1736.2,41.03,0.5,0.9361,0.468
WC-1986,1986 FIFA Men's World Cup,1986,M-1986-28,1986-06-10,Group A,South Korea,Italy,2,3,1,1706.99,1790.94,83.95,0.25,0.8692,0.6519
WC-1986,1986 FIFA Men's World Cup,1986,M-1986-29,1986-06-11,Group B,Iraq,Mexico,0,1,1,1695.47,1798.26,102.79,0.25,0.8398,0.6299
WC-1986,1986 FIFA Men's World Cup,1986,M-1986-30,1986-06-11,Group B,Paraguay,Belgium,2,2,0,1733.24,1724.85,8.39,0.0,0.9869,0.9869
WC-1986,1986 FIFA Men's World Cup,1986,M-1986-31,1986-06-11,Group F,England,Poland,3,0,3,1907.28,1726.33,180.95,0.75,0.718,0.1795
WC-1986,1986 FIFA Men's World Cup,1986,M-1986-32,1986-06-11,Group F,Portugal,Morocco,1,3,2,1706.26,1689.94,16.32,0.5,0.9746,0.4873
WC-1986,1986 FIFA Men's World Cup,1986,M-1986-33,1986-06-12,Group D,Algeria,Spain,0,3,3,1709.0,1804.69,95.69,0.75,0.8509,0.2127
WC-1986,1986 FIFA Men's World Cup,1986,M-1986-34,1986-06-12,Group D,Northern Ireland,Brazil,0,3,3,1757.13,1822.51,65.38,0.75,0.8981,0.2245
WC-1986,1986 FIFA Men's World Cup,1986,M-1986-35,1986-06-13,Group E,Denmark,Germany,2,0,2,1808.31,1859.94,51.63,0.5,0.9195,0.4598
WC-1986,1986 FIFA Men's World Cup,1986,M-1986-36,1986-06-13,Group E,Scotland,Uruguay,0,0,0,1798.37,1791.86,6.51,0.0,0.9899,0.9899
WC-1990,1990 FIFA Men's World Cup,1990,M-1990-01,1990-06-08,Group B,Argentina,Cameroon,0,1,1,1736.3,1696.43,39.87,0.25,0.9379,0.7034
WC-1990,1990 FIFA Men's World Cup,1990,M-1990-02,1990-06-09,Group B,Russia,Romania,0,2,2,1883.3,1823.65,59.65,0.5,0.907,0.4535
WC-1990,1990 FIFA Men's World Cup,1990,M-1990-03,1990-06-09,Group D,United Arab Emirates,Colombia,0,2,2,1566.45,1727.38,160.93,0.5,0.7492,0.3746
WC-1990,1990 FIFA Men's World Cup,1990,M-1990-04,1990-06-09,Group A,Italy,Austria,1,0,1,1887.36,1695.15,192.21,0.25,0.7004,0.5253
WC-1990,1990 FIFA Men's World Cup,1990,M-1990-05,1990-06-10,Group A,United States,Czechoslovakia,1,5,4,1561.73,1784.42,222.69,1.0,0.6529,0.0
WC-1990,1990 FIFA Men's World Cup,1990,M-1990-06,1990-06-10,Group C,Brazil,Sweden,2,1,1,1925.58,1880.62,44.96,0.25,0.9299,0.6974
WC-1990,1990 FIFA Men's World Cup,1990,M-1990-07,1990-06-10,Group D,Germany,Yugoslavia,4,1,3,1916.56,1803.75,112.81,0.75,0.8242,0.206
WC-1990,1990 FIFA Men's World Cup,1990,M-1990-08,1990-06-11,Group C,Costa Rica,Scotland,1,0,1,1584.86,1668.84,83.98,0.25,0.8691,0.6518
WC-1990,1990 FIFA Men's World Cup,1990,M-1990-09,1990-06-11,Group F,England,Republic of Ireland,1,1,0,1868.52,1808.06,60.46,0.0,0.9058,0.9058
WC-1990,1990 FIFA Men's World Cup,1990,M-1990-10,1990-06-12,Group E,Belgium,South Korea,2,0,2,1770.18,1806.67,36.49,0.5,0.9431,0.4716
WC-1990,1990 FIFA Men's World Cup,1990,M-1990-11,1990-06-12,Group F,Netherlands,Egypt,1,1,0,1952.2,1672.11,280.09,0.0,0.5635,0.5635
WC-1990,1990 FIFA Men's World Cup,1990,M-1990-12,1990-06-13,Group E,Uruguay,Spain,0,0,0,1830.66,1849.52,18.86,0.0,0.9706,0.9706
WC-1990,1990 FIFA Men's World Cup,1990,M-1990-13,1990-06-13,Group B,Argentina,Russia,2,0,2,1736.3,1883.3,147.0,0.5,0.7709,0.3854
WC-1990,1990 FIFA Men's World Cup,1990,M-1990-14,1990-06-14,Group B,Cameroon,Romania,2,1,1,1696.43,1823.65,127.22,0.25,0.8017,0.6013
WC-1990,1990 FIFA Men's World Cup,1990,M-1990-15,1990-06-14,Group D,Yugoslavia,Colombia,1,0,1,1803.75,1727.38,76.37,0.25,0.881,0.6607
WC-1990,1990 FIFA Men's World Cup,1990,M-1990-16,1990-06-14,Group A,Italy,United States,1,0,1,1887.36,1561.73,325.63,0.25,0.5,0.375
WC-1990,1990 FIFA Men's World Cup,1990,M-1990-17,1990-06-15,Group A,Austria,Czechoslovakia,0,1,1,1695.15,1784.42,89.27,0.25,0.8609,0.6457
WC-1990,1990 FIFA Men's World Cup,1990,M-1990-18,1990-06-15,Group D,Germany,United Arab Emirates,5,1,4,1916.56,1566.45,350.11,1.0,0.5,0.0
WC-1990,1990 FIFA Men's World Cup,1990,M-1990-19,1990-06-16,Group C,Brazil,Costa Rica,1,0,1,1925.58,1584.86,340.72,0.25,0.5,0.375
WC-1990,1990 FIFA Men's World Cup,1990,M-1990-20,1990-06-16,Group C,Sweden,Scotland,1,2,1,1880.62,1668.84,211.78,0.25,0.6699,0.5025
WC-1990,1990 FIFA Men's World Cup,1990,M-1990-21,1990-06-16,Group F,England,Netherlands,0,0,0,1868.52,1952.2,83.68,0.0,0.8696,0.8696
WC-1990,1990 FIFA Men's World Cup,1990,M-1990-22,1990-06-17,Group F,Republic of Ireland,Egypt,0,0,0,1808.06,1672.11,135.95,0.0,0.7881,0.7881
WC-1990,1990 FIFA Men's World Cup,1990,M-1990-23,1990-06-17,Group E,Belgium,Uruguay,3,1,2,1770.18,1830.66,60.48,0.5,0.9057,0.4529
WC-1990,1990 FIFA Men's World Cup,1990,M-1990-24,1990-06-17,Group E,South Korea,Spain,1,3,2,1806.67,1849.52,42.85,0.5,0.9332,0.4666
WC-1990,1990 FIFA Men's World Cup,1990,M-1990-25,1990-06-18,Group B,Argentina,Romania,1,1,0,1736.3,1823.65,87.35,0.0,0.8639,0.8639
WC-1990,1990 FIFA Men's World Cup,1990,M-1990-26,1990-06-18,Group B,Cameroon,Russia,0,4,4,1696.43,1883.3,186.87,1.0,0.7088,0.0
WC-1990,1990 FIFA Men's World Cup,1990,M-1990-27,1990-06-19,Group D,Germany,Colombia,1,1,0,1916.56,1727.38,189.18,0.0,0.7052,0.7052
WC-1990,1990 FIFA Men's World Cup,1990,M-1990-28,1990-06-19,Group D,Yugoslavia,United Arab Emirates,4,1,3,1803.75,1566.45,237.3,0.75,0.6302,0.1575
WC-1990,1990 FIFA Men's World Cup,1990,M-1990-29,1990-06-19,Group A,Austria,United States,2,1,1,1695.15,1561.73,133.42,0.25,0.7921,0.594
WC-1990,1990 FIFA Men's World Cup,1990,M-1990-30,1990-06-19,Group A,Italy,Czechoslovakia,2,0,2,1887.36,1784.42,102.94,0.5,0.8396,0.4198
WC-1990,1990 FIFA Men's World Cup,1990,M-1990-31,1990-06-20,Group C,Brazil,Scotland,1,0,1,1925.58,1668.84,256.74,0.25,0.5999,0.4499
WC-1990,1990 FIFA Men's World Cup,1990,M-1990-32,1990-06-20,Group C,Sweden,Costa Rica,1,2,1,1880.62,1584.86,295.76,0.25,0.5391,0.4043
WC-1990,1990 FIFA Men's World Cup,1990,M-1990-33,1990-06-21,Group E,Belgium,Spain,1,2,1,1770.18,1849.52,79.34,0.25,0.8763,0.6573
WC-1990,1990 FIFA Men's World Cup,1990,M-1990-34,1990-06-21,Group E,South Korea,Uruguay,0,1,1,1806.67,1830.66,23.99,0.25,0.9626,0.722
WC-1990,1990 FIFA Men's World Cup,1990,M-1990-35,1990-06-21,Group F,England,Egypt,1,0,1,1868.52,1672.11,196.41,0.25,0.6939,0.5204
WC-1990,1990 FIFA Men's World Cup,1990,M-1990-36,1990-06-21,Group F,Republic of Ireland,Netherlands,1,1,0,1808.06,1952.2,144.14,0.0,0.7754,0.7754
WC-1994,1994 FIFA Men's World Cup,1994,M-1994-01,1994-06-17,Group C,Germany,Bolivia,1,0,1,1960.78,1635.09,325.69,0.25,0.5,0.375
WC-1994,1994 FIFA Men's World Cup,1994,M-1994-02,1994-06-17,Group C,Spain,South Korea,2,2,0,1837.31,1739.32,97.99,0.0,0.8473,0.8473
WC-1994,1994 FIFA Men's World Cup,1994,M-1994-03,1994-06-18,Group A,United States,Switzerland,1,1,0,1603.1,1822.03,218.93,0.0,0.6588,0.6588
WC-1994,1994 FIFA Men's World Cup,1994,M-1994-04,1994-06-18,Group E,Italy,Republic of Ireland,0,1,1,1928.36,1800.18,128.18,0.25,0.8002,0.6002
WC-1994,1994 FIFA Men's World Cup,1994,M-1994-05,1994-06-18,Group A,Colombia,Romania,1,3,2,1898.95,1823.9,75.05,0.5,0.883,0.4415
WC-1994,1994 FIFA Men's World Cup,1994,M-1994-06,1994-06-19,Group F,Belgium,Morocco,1,0,1,1770.98,1729.7,41.28,0.25,0.9357,0.7017
WC-1994,1994 FIFA Men's World Cup,1994,M-1994-07,1994-06-19,Group E,Norway,Mexico,1,0,1,1822.9,1830.81,7.91,0.25,0.9877,0.7408
WC-1994,1994 FIFA Men's World Cup,1994,M-1994-08,1994-06-19,Group B,Cameroon,Sweden,2,2,0,1739.82,1863.28,123.46,0.0,0.8076,0.8076
WC-1994,1994 FIFA Men's World Cup,1994,M-1994-09,1994-06-20,Group B,Brazil,Russia,2,0,2,1907.59,1820.44,87.15,0.5,0.8642,0.4321
WC-1994,1994 FIFA Men's World Cup,1994,M-1994-10,1994-06-20,Group F,Netherlands,Saudi Arabia,2,1,1,1941.96,1712.75,229.21,0.25,0.6428,0.4821
WC-1994,1994 FIFA Men's World Cup,1994,M-1994-11,1994-06-21,Group D,Argentina,Greece,4,0,4,1876.83,1655.18,221.65,1.0,0.6546,0.0
WC-1994,1994 FIFA Men's World Cup,1994,M-1994-12,1994-06-21,Group C,Germany,Spain,1,1,0,1960.78,1837.31,123.47,0.0,0.8076,0.8076
WC-1994,1994 FIFA Men's World Cup,1994,M-1994-13,1994-06-21,Group D,Nigeria,Bulgaria,3,0,3,1814.01,1738.47,75.54,0.75,0.8823,0.2206
WC-1994,1994 FIFA Men's World Cup,1994,M-1994-14,1994-06-22,Group A,Romania,Switzerland,1,4,3,1823.9,1822.03,1.87,0.75,0.9971,0.2493
WC-1994,1994 FIFA Men's World Cup,1994,M-1994-15,1994-06-22,Group A,United States,Colombia,2,1,1,1603.1,1898.95,295.85,0.25,0.5389,0.4042
WC-1994,1994 FIFA Men's World Cup,1994,M-1994-16,1994-06-23,Group E,Italy,Norway,1,0,1,1928.36,1822.9,105.46,0.25,0.8356,0.6267
WC-1994,1994 FIFA Men's World Cup,1994,M-1994-17,1994-06-23,Group C,South Korea,Bolivia,0,0,0,1739.32,1635.09,104.23,0.0,0.8376,0.8376
WC-1994,1994 FIFA Men's World Cup,1994,M-1994-18,1994-06-24,Group E,Mexico,Republic of Ireland,2,1,1,1830.81,1800.18,30.63,0.25,0.9523,0.7142
WC-1994,1994 FIFA Men's World Cup,1994,M-1994-19,1994-06-24,Group B,Brazil,Cameroon,3,0,3,1907.59,1739.82,167.77,0.75,0.7385,0.1846
WC-1994,1994 FIFA Men's World Cup,1994,M-1994-20,1994-06-24,Group B,Sweden,Russia,3,1,2,1863.28,1820.44,42.84,0.5,0.9332,0.4666
WC-1994,1994 FIFA Men's World Cup,1994,M-1994-21,1994-06-25,Group F,Belgium,Netherlands,1,0,1,1770.98,1941.96,170.98,0.25,0.7335,0.5501
WC-1994,1994 FIFA Men's World Cup,1994,M-1994-22,1994-06-25,Group F,Saudi Arabia,Morocco,2,1,1,1712.75,1729.7,16.95,0.25,0.9736,0.7302
WC-1994,1994 FIFA Men's World Cup,1994,M-1994-23,1994-06-25,Group D,Argentina,Nigeria,2,1,1,1876.83,1814.01,62.82,0.25,0.9021,0.6766
WC-1994,1994 FIFA Men's World Cup,1994,M-1994-24,1994-06-26,Group D,Bulgaria,Greece,4,0,4,1738.47,1655.18,83.29,1.0,0.8702,0.0
WC-1994,1994 FIFA Men's World Cup,1994,M-1994-25,1994-06-26,Group A,Switzerland,Colombia,0,2,2,1822.03,1898.95,76.92,0.5,0.8801,0.4401
WC-1994,1994 FIFA Men's World Cup,1994,M-1994-26,1994-06-26,Group A,United States,Romania,0,1,1,1603.1,1823.9,220.8,0.25,0.6559,0.4919
WC-1994,1994 FIFA Men's World Cup,1994,M-1994-27,1994-06-27,Group C,Bolivia,Spain,1,3,2,1635.09,1837.31,202.22,0.5,0.6848,0.3424
WC-1994,1994 FIFA Men's World Cup,1994,M-1994-28,1994-06-27,Group C,Germany,South Korea,3,2,1,1960.78,1739.32,221.46,0.25,0.6549,0.4911
WC-1994,1994 FIFA Men's World Cup,1994,M-1994-29,1994-06-28,Group E,Italy,Mexico,1,1,0,1928.36,1830.81,97.55,0.0,0.848,0.848
WC-1994,1994 FIFA Men's World Cup,1994,M-1994-30,1994-06-28,Group E,Republic of Ireland,Norway,0,0,0,1800.18,1822.9,22.72,0.0,0.9646,0.9646
WC-1994,1994 FIFA Men's World Cup,1994,M-1994-31,1994-06-28,Group B,Russia,Cameroon,6,1,5,1820.44,1739.82,80.62,1.0,0.8744,0.0
WC-1994,1994 FIFA Men's World Cup,1994,M-1994-32,1994-06-28,Group B,Brazil,Sweden,1,1,0,1907.59,1863.28,44.31,0.0,0.9309,0.9309
WC-1994,1994 FIFA Men's World Cup,1994,M-1994-33,1994-06-29,Group F,Belgium,Saudi Arabia,0,1,1,1770.98,1712.75,58.23,0.25,0.9092,0.6819
WC-1994,1994 FIFA Men's World Cup,1994,M-1994-34,1994-06-29,Group F,Morocco,Netherlands,1,2,1,1729.7,1941.96,212.26,0.25,0.6692,0.5019
WC-1994,1994 FIFA Men's World Cup,1994,M-1994-35,1994-06-30,Group D,Argentina,Bulgaria,0,2,2,1876.83,1738.47,138.36,0.5,0.7844,0.3922
WC-1994,1994 FIFA Men's World Cup,1994,M-1994-36,1994-06-30,Group D,Greece,Nigeria,0,2,2,1655.18,1814.01,158.83,0.5,0.7525,0.3762
WC-1998,1998 FIFA Men's World Cup,1998,M-1998-01,1998-06-10,Group A,Brazil,Scotland,2,1,1,2102.31,1754.27,348.04,0.25,0.5,0.375
WC-1998,1998 FIFA Men's World Cup,1998,M-1998-02,1998-06-10,Group A,Morocco,Norway,2,2,0,1788.85,1893.42,104.57,0.0,0.837,0.837
WC-1998,1998 FIFA Men's World Cup,1998,M-1998-03,1998-06-11,Group B,Italy,Chile,2,2,0,1920.07,1774.75,145.32,0.0,0.7735,0.7735
WC-1998,1998 FIFA Men's World Cup,1998,M-1998-04,1998-06-11,Group B,Cameroon,Austria,1,1,0,1684.16,1702.85,18.69,0.0,0.9709,0.9709
WC-1998,1998 FIFA Men's World Cup,1998,M-1998-05,1998-06-12,Group D,Paraguay,Bulgaria,0,0,0,1706.34,1785.2,78.86,0.0,0.8771,0.8771
WC-1998,1998 FIFA Men's World Cup,1998,M-1998-06,1998-06-12,Group C,Saudi Arabia,Denmark,0,1,1,1715.99,1832.06,116.07,0.25,0.8191,0.6143
WC-1998,1998 FIFA Men's World Cup,1998,M-1998-07,1998-06-12,Group C,France,South Africa,3,0,3,1953.98,1686.55,267.43,0.75,0.5832,0.1458
WC-1998,1998 FIFA Men's World Cup,1998,M-1998-08,1998-06-13,Group D,Spain,Nigeria,2,3,1,1971.37,1747.38,223.99,0.25,0.6509,0.4882
WC-1998,1998 FIFA Men's World Cup,1998,M-1998-09,1998-06-13,Group E,South Korea,Mexico,1,3,2,1806.98,1854.7,47.72,0.5,0.9256,0.4628
WC-1998,1998 FIFA Men's World Cup,1998,M-1998-10,1998-06-13,Group E,Netherlands,Belgium,0,0,0,1921.99,1790.1,131.89,0.0,0.7944,0.7944
WC-1998,1998 FIFA Men's World Cup,1998,M-1998-11,1998-06-14,Group H,Argentina,Japan,1,0,1,1852.9,1755.24,97.66,0.25,0.8478,0.6358
WC-1998,1998 FIFA Men's World Cup,1998,M-1998-12,1998-06-14,Group F,Yugoslavia,Iran,1,0,1,,1724.87,,0.25,,
WC-1998,1998 FIFA Men's World Cup,1998,M-1998-13,1998-06-14,Group H,Jamaica,Croatia,1,3,2,1714.11,1822.26,108.15,0.5,0.8314,0.4157
WC-1998,1998 FIFA Men's World Cup,1998,M-1998-14,1998-06-15,Group G,England,Tunisia,2,0,2,1938.64,1700.9,237.74,0.5,0.6295,0.3147
WC-1998,1998 FIFA Men's World Cup,1998,M-1998-15,1998-06-15,Group G,Romania,Colombia,1,0,1,1841.78,1738.65,103.13,0.25,0.8393,0.6295
WC-1998,1998 FIFA Men's World Cup,1998,M-1998-16,1998-06-15,Group F,Germany,United States,2,0,2,2013.68,1766.32,247.36,0.5,0.6145,0.3072
WC-1998,1998 FIFA Men's World Cup,1998,M-1998-17,1998-06-16,Group A,Scotland,Norway,1,1,0,1754.27,1893.42,139.15,0.0,0.7831,0.7831
WC-1998,1998 FIFA Men's World Cup,1998,M-1998-18,1998-06-16,Group A,Brazil,Morocco,3,0,3,2102.31,1788.85,313.46,0.75,0.5115,0.1279
WC-1998,1998 FIFA Men's World Cup,1998,M-1998-19,1998-06-17,Group B,Chile,Austria,1,1,0,1774.75,1702.85,71.9,0.0,0.8879,0.8879
WC-1998,1998 FIFA Men's World Cup,1998,M-1998-20,1998-06-17,Group B,Italy,Cameroon,3,0,3,1920.07,1684.16,235.91,0.75,0.6323,0.1581
WC-1998,1998 FIFA Men's World Cup,1998,M-1998-21,1998-06-18,Group C,South Africa,Denmark,1,1,0,1686.55,1832.06,145.51,0.0,0.7732,0.7732
WC-1998,1998 FIFA Men's World Cup,1998,M-1998-22,1998-06-18,Group C,France,Saudi Arabia,4,0,4,1953.98,1715.99,237.99,1.0,0.6291,0.0
WC-1998,1998 FIFA Men's World Cup,1998,M-1998-23,1998-06-19,Group D,Nigeria,Bulgaria,1,0,1,1747.38,1785.2,37.82,0.25,0.9411,0.7058
WC-1998,1998 FIFA Men's World Cup,1998,M-1998-24,1998-06-19,Group D,Spain,Paraguay,0,0,0,1971.37,1706.34,265.03,0.0,0.5869,0.5869
WC-1998,1998 FIFA Men's World Cup,1998,M-1998-25,1998-06-20,Group H,Japan,Croatia,0,1,1,1755.24,1822.26,67.02,0.25,0.8955,0.6717
WC-1998,1998 FIFA Men's World Cup,1998,M-1998-26,1998-06-20,Group E,Belgium,Mexico,2,2,0,1790.1,1854.7,64.6,0.0,0.8993,0.8993
WC-1998,1998 FIFA Men's World Cup,1998,M-1998-27,1998-06-20,Group E,Netherlands,South Korea,5,0,5,1921.99,1806.98,115.01,1.0,0.8208,0.0
WC-1998,1998 FIFA Men's World Cup,1998,M-1998-28,1998-06-21,Group F,Germany,Yugoslavia,2,2,0,2013.68,,,0.0,,
WC-1998,1998 FIFA Men's World Cup,1998,M-1998-29,1998-06-21,Group H,Argentina,Jamaica,5,0,5,1852.9,1714.11,138.79,1.0,0.7837,0.0
WC-1998,1998 FIFA Men's World Cup,1998,M-1998-30,1998-06-21,Group F,United States,Iran,1,2,1,1766.32,1724.87,41.45,0.25,0.9354,0.7015
WC-1998,1998 FIFA Men's World Cup,1998,M-1998-31,1998-06-22,Group G,Colombia,Tunisia,1,0,1,1738.65,1700.9,37.75,0.25,0.9412,0.7059
WC-1998,1998 FIFA Men's World Cup,1998,M-1998-32,1998-06-22,Group G,Romania,England,2,1,1,1841.78,1938.64,96.86,0.25,0.849,0.6368
WC-1998,1998 FIFA Men's World Cup,1998,M-1998-33,1998-06-23,Group B,Chile,Cameroon,1,1,0,1774.75,1684.16,90.59,0.0,0.8588,0.8588
WC-1998,1998 FIFA Men's World Cup,1998,M-1998-34,1998-06-23,Group B,Italy,Austria,2,1,1,1920.07,1702.85,217.22,0.25,0.6615,0.4961
WC-1998,1998 FIFA Men's World Cup,1998,M-1998-35,1998-06-23,Group A,Brazil,Norway,1,2,1,2102.31,1893.42,208.89,0.25,0.6744,0.5058
WC-1998,1998 FIFA Men's World Cup,1998,M-1998-36,1998-06-23,Group A,Scotland,Morocco,0,3,3,1754.27,1788.85,34.58,0.75,0.9461,0.2365
WC-1998,1998 FIFA Men's World Cup,1998,M-1998-37,1998-06-24,Group C,France,Denmark,2,1,1,1953.98,1832.06,121.92,0.25,0.81,0.6075
WC-1998,1998 FIFA Men's World Cup,1998,M-1998-38,1998-06-24,Group C,South Africa,Saudi Arabia,2,2,0,1686.55,1715.99,29.44,0.0,0.9541,0.9541
WC-1998,1998 FIFA Men's World Cup,1998,M-1998-39,1998-06-24,Group D,Nigeria,Paraguay,1,3,2,1747.38,1706.34,41.04,0.5,0.936,0.468
WC-1998,1998 FIFA Men's World Cup,1998,M-1998-40,1998-06-24,Group D,Spain,Bulgaria,6,1,5,1971.37,1785.2,186.17,1.0,0.7099,0.0
WC-1998,1998 FIFA Men's World Cup,1998,M-1998-41,1998-06-25,Group E,Belgium,South Korea,1,1,0,1790.1,1806.98,16.88,0.0,0.9737,0.9737
WC-1998,1998 FIFA Men's World Cup,1998,M-1998-42,1998-06-25,Group E,Netherlands,Mexico,2,2,0,1921.99,1854.7,67.29,0.0,0.8951,0.8951
WC-1998,1998 FIFA Men's World Cup,1998,M-1998-43,1998-06-25,Group F,Germany,Iran,2,0,2,2013.68,1724.87,288.81,0.5,0.5499,0.2749
WC-1998,1998 FIFA Men's World Cup,1998,M-1998-44,1998-06-25,Group F,United States,Yugoslavia,0,1,1,1766.32,,,0.25,,
WC-1998,1998 FIFA Men's World Cup,1998,M-1998-45,1998-06-26,Group H,Argentina,Croatia,1,0,1,1852.9,1822.26,30.64,0.25,0.9522,0.7142
WC-1998,1998 FIFA Men's World Cup,1998,M-1998-46,1998-06-26,Group H,Japan,Jamaica,1,2,1,1755.24,1714.11,41.13,0.25,0.9359,0.7019
WC-1998,1998 FIFA Men's World Cup,1998,M-1998-47,1998-06-26,Group G,Colombia,England,0,2,2,1738.65,1938.64,199.99,0.5,0.6883,0.3442
WC-1998,1998 FIFA Men's World Cup,1998,M-1998-48,1998-06-26,Group G,Romania,Tunisia,1,1,0,1841.78,1700.9,140.88,0.0,0.7804,0.7804
WC-2002,2002 FIFA Men's World Cup,2002,M-2002-01,2002-05-31,Group A,France,Senegal,0,1,1,2092.74,1789.58,303.16,0.25,0.5275,0.3956
WC-2002,2002 FIFA Men's World Cup,2002,M-2002-02,2002-06-01,Group E,Republic of Ireland,Cameroon,1,1,0,1863.45,1881.07,17.62,0.0,0.9725,0.9725
WC-2002,2002 FIFA Men's World Cup,2002,M-2002-03,2002-06-01,Group A,Uruguay,Denmark,1,2,1,1820.27,1868.11,47.84,0.25,0.9254,0.6941
WC-2002,2002 FIFA Men's World Cup,2002,M-2002-04,2002-06-01,Group E,Germany,Saudi Arabia,8,0,8,1852.69,1773.99,78.7,1.0,0.8773,0.0
WC-2002,2002 FIFA Men's World Cup,2002,M-2002-05,2002-06-02,Group F,Argentina,Nigeria,1,0,1,2002.98,1837.64,165.34,0.25,0.7423,0.5567
WC-2002,2002 FIFA Men's World Cup,2002,M-2002-06,2002-06-02,Group B,Paraguay,South Africa,2,2,0,1726.49,1694.81,31.68,0.0,0.9506,0.9506
WC-2002,2002 FIFA Men's World Cup,2002,M-2002-07,2002-06-02,Group F,England,Sweden,1,1,0,1906.26,1859.57,46.69,0.0,0.9272,0.9272
WC-2002,2002 FIFA Men's World Cup,2002,M-2002-08,2002-06-02,Group B,Spain,Slovenia,3,1,2,1933.33,1728.03,205.3,0.5,0.68,0.34
WC-2002,2002 FIFA Men's World Cup,2002,M-2002-09,2002-06-03,Group G,Croatia,Mexico,0,1,1,1860.06,1868.9,8.84,0.25,0.9862,0.7397
WC-2002,2002 FIFA Men's World Cup,2002,M-2002-10,2002-06-03,Group C,Brazil,Turkey,2,1,1,1883.17,1749.69,133.48,0.25,0.792,0.594
WC-2002,2002 FIFA Men's World Cup,2002,M-2002-11,2002-06-03,Group G,Italy,Ecuador,2,0,2,1983.66,1742.93,240.73,0.5,0.6248,0.3124
WC-2002,2002 FIFA Men's World Cup,2002,M-2002-12,2002-06-04,Group C,China PR,Costa Rica,0,2,2,1776.25,1809.89,33.64,0.5,0.9476,0.4738
WC-2002,2002 FIFA Men's World Cup,2002,M-2002-13,2002-06-04,Group H,Japan,Belgium,2,2,0,1858.38,1838.34,20.04,0.0,0.9688,0.9688
WC-2002,2002 FIFA Men's World Cup,2002,M-2002-14,2002-06-04,Group D,South Korea,Poland,2,0,2,1779.95,1718.29,61.66,0.5,0.9039,0.452
WC-2002,2002 FIFA Men's World Cup,2002,M-2002-15,2002-06-05,Group H,Russia,Tunisia,2,0,2,1784.33,1698.28,86.05,0.5,0.8659,0.4329
WC-2002,2002 FIFA Men's World Cup,2002,M-2002-16,2002-06-05,Group D,United States,Portugal,3,2,1,1830.3,1955.15,124.85,0.25,0.8054,0.6041
WC-2002,2002 FIFA Men's World Cup,2002,M-2002-17,2002-06-05,Group E,Germany,Republic of Ireland,1,1,0,1852.69,1863.45,10.76,0.0,0.9832,0.9832
WC-2002,2002 FIFA Men's World Cup,2002,M-2002-18,2002-06-06,Group A,Denmark,Senegal,1,1,0,1868.11,1789.58,78.53,0.0,0.8776,0.8776
WC-2002,2002 FIFA Men's World Cup,2002,M-2002-19,2002-06-06,Group E,Cameroon,Saudi Arabia,1,0,1,1881.07,1773.99,107.08,0.25,0.8331,0.6248
WC-2002,2002 FIFA Men's World Cup,2002,M-2002-20,2002-06-06,Group A,France,Uruguay,0,0,0,2092.74,1820.27,272.47,0.0,0.5754,0.5754
WC-2002,2002 FIFA Men's World Cup,2002,M-2002-21,2002-06-07,Group F,Sweden,Nigeria,2,1,1,1859.57,1837.64,21.93,0.25,0.9658,0.7244
WC-2002,2002 FIFA Men's World Cup,2002,M-2002-22,2002-06-07,Group B,Spain,Paraguay,3,1,2,1933.33,1726.49,206.84,0.5,0.6776,0.3388
WC-2002,2002 FIFA Men's World Cup,2002,M-2002-23,2002-06-07,Group F,Argentina,England,0,1,1,2002.98,1906.26,96.72,0.25,0.8493,0.6369
WC-2002,2002 FIFA Men's World Cup,2002,M-2002-24,2002-06-08,Group B,South Africa,Slovenia,1,0,1,1694.81,1728.03,33.22,0.25,0.9482,0.7112
WC-2002,2002 FIFA Men's World Cup,2002,M-2002-25,2002-06-08,Group G,Italy,Croatia,1,2,1,1983.66,1860.06,123.6,0.25,0.8074,0.6055
WC-2002,2002 FIFA Men's World Cup,2002,M-2002-26,2002-06-08,Group C,Brazil,China PR,4,0,4,1883.17,1776.25,106.92,1.0,0.8334,0.0
WC-2002,2002 FIFA Men's World Cup,2002,M-2002-27,2002-06-09,Group G,Mexico,Ecuador,2,1,1,1868.9,1742.93,125.97,0.25,0.8037,0.6028
WC-2002,2002 FIFA Men's World Cup,2002,M-2002-28,2002-06-09,Group C,Costa Rica,Turkey,1,1,0,1809.89,1749.69,60.2,0.0,0.9062,0.9062
WC-2002,2002 FIFA Men's World Cup,2002,M-2002-29,2002-06-09,Group H,Japan,Russia,1,0,1,1858.38,1784.33,74.05,0.25,0.8846,0.6634
WC-2002,2002 FIFA Men's World Cup,2002,M-2002-30,2002-06-10,Group D,South Korea,United States,1,1,0,1779.95,1830.3,50.35,0.0,0.9215,0.9215
WC-2002,2002 FIFA Men's World Cup,2002,M-2002-31,2002-06-10,Group H,Tunisia,Belgium,1,1,0,1698.28,1838.34,140.06,0.0,0.7817,0.7817
WC-2002,2002 FIFA Men's World Cup,2002,M-2002-32,2002-06-10,Group D,Portugal,Poland,4,0,4,1955.15,1718.29,236.86,1.0,0.6309,0.0
WC-2002,2002 FIFA Men's World Cup,2002,M-2002-33,2002-06-11,Group A,Denmark,France,2,0,2,1868.11,2092.74,224.63,0.5,0.6499,0.325
WC-2002,2002 FIFA Men's World Cup,2002,M-2002-34,2002-06-11,Group A,Senegal,Uruguay,3,3,0,1789.58,1820.27,30.69,0.0,0.9522,0.9522
WC-2002,2002 FIFA Men's World Cup,2002,M-2002-35,2002-06-11,Group E,Cameroon,Germany,0,2,2,1881.07,1852.69,28.38,0.5,0.9558,0.4779
WC-2002,2002 FIFA Men's World Cup,2002,M-2002-36,2002-06-11,Group E,Saudi Arabia,Republic of Ireland,0,3,3,1773.99,1863.45,89.46,0.75,0.8606,0.2151
WC-2002,2002 FIFA Men's World Cup,2002,M-2002-37,2002-06-12,Group F,Nigeria,England,0,0,0,1837.64,1906.26,68.62,0.0,0.8931,0.8931
WC-2002,2002 FIFA Men's World Cup,2002,M-2002-38,2002-06-12,Group F,Sweden,Argentina,1,1,0,1859.57,2002.98,143.41,0.0,0.7765,0.7765
WC-2002,2002 FIFA Men's World Cup,2002,M-2002-39,2002-06-12,Group B,Slovenia,Paraguay,1,3,2,1728.03,1726.49,1.54,0.5,0.9976,0.4988
WC-2002,2002 FIFA Men's World Cup,2002,M-2002-40,2002-06-12,Group B,South Africa,Spain,2,3,1,1694.81,1933.33,238.52,0.25,0.6283,0.4712
WC-2002,2002 FIFA Men's World Cup,2002,M-2002-41,2002-06-13,Group C,Costa Rica,Brazil,2,5,3,1809.89,1883.17,73.28,0.75,0.8858,0.2214
WC-2002,2002 FIFA Men's World Cup,2002,M-2002-42,2002-06-13,Group C,Turkey,China PR,3,0,3,1749.69,1776.25,26.56,0.75,0.9586,0.2397
WC-2002,2002 FIFA Men's World Cup,2002,M-2002-43,2002-06-13,Group G,Ecuador,Croatia,1,0,1,1742.93,1860.06,117.13,0.25,0.8175,0.6131
WC-2002,2002 FIFA Men's World Cup,2002,M-2002-44,2002-06-13,Group G,Mexico,Italy,1,1,0,1868.9,1983.66,114.76,0.0,0.8211,0.8211
WC-2002,2002 FIFA Men's World Cup,2002,M-2002-45,2002-06-14,Group H,Belgium,Russia,3,2,1,1838.34,1784.33,54.01,0.25,0.9158,0.6869
WC-2002,2002 FIFA Men's World Cup,2002,M-2002-46,2002-06-14,Group H,Tunisia,Japan,0,2,2,1698.28,1858.38,160.1,0.5,0.7505,0.3752
WC-2002,2002 FIFA Men's World Cup,2002,M-2002-47,2002-06-14,Group D,Poland,United States,3,1,2,1718.29,1830.3,112.01,0.5,0.8254,0.4127
WC-2002,2002 FIFA Men's World Cup,2002,M-2002-48,2002-06-14,Group D,Portugal,South Korea,0,1,1,1955.15,1779.95,175.2,0.25,0.7269,0.5452
WC-2006,2006 FIFA Men's World Cup,2006,M-2006-01,2006-06-09,Group A,Germany,Costa Rica,4,2,2,1922.36,1755.99,166.37,0.5,0.7407,0.3704
WC-2006,2006 FIFA Men's World Cup,2006,M-2006-02,2006-06-09,Group A,Poland,Ecuador,0,2,2,1819.74,1732.05,87.69,0.5,0.8633,0.4317
WC-2006,2006 FIFA Men's World Cup,2006,M-2006-03,2006-06-10,Group B,England,Paraguay,1,0,1,1976.75,1789.76,186.99,0.25,0.7086,0.5314
WC-2006,2006 FIFA Men's World Cup,2006,M-2006-04,2006-06-10,Group B,Trinidad and Tobago,Sweden,0,0,0,1657.64,1870.28,212.64,0.0,0.6686,0.6686
WC-2006,2006 FIFA Men's World Cup,2006,M-2006-05,2006-06-10,Group C,Argentina,Ivory Coast,2,1,1,1946.36,1843.37,102.99,0.25,0.8395,0.6296
WC-2006,2006 FIFA Men's World Cup,2006,M-2006-06,2006-06-11,Group C,Serbia and Montenegro,Netherlands,0,1,1,,1992.63,,0.25,,
WC-2006,2006 FIFA Men's World Cup,2006,M-2006-07,2006-06-11,Group D,Mexico,Iran,3,1,2,1886.18,1893.48,7.3,0.5,0.9886,0.4943
WC-2006,2006 FIFA Men's World Cup,2006,M-2006-08,2006-06-11,Group D,Angola,Portugal,0,1,1,1672.34,1917.21,244.87,0.25,0.6184,0.4638
WC-2006,2006 FIFA Men's World Cup,2006,M-2006-09,2006-06-12,Group F,Australia,Japan,3,1,2,1884.14,1858.1,26.04,0.5,0.9594,0.4797
WC-2006,2006 FIFA Men's World Cup,2006,M-2006-10,2006-06-12,Group E,United States,Czech Republic,0,3,3,1886.21,1968.01,81.8,0.75,0.8725,0.2181
WC-2006,2006 FIFA Men's World Cup,2006,M-2006-11,2006-06-12,Group E,Italy,Ghana,2,0,2,1943.15,1708.45,234.7,0.5,0.6342,0.3171
WC-2006,2006 FIFA Men's World Cup,2006,M-2006-12,2006-06-13,Group G,South Korea,Togo,2,1,1,1787.51,1593.84,193.67,0.25,0.6982,0.5236
WC-2006,2006 FIFA Men's World Cup,2006,M-2006-13,2006-06-13,Group G,France,Switzerland,0,0,0,1977.53,1802.12,175.41,0.0,0.7266,0.7266
WC-2006,2006 FIFA Men's World Cup,2006,M-2006-14,2006-06-13,Group F,Brazil,Croatia,1,0,1,2058.0,1845.29,212.71,0.25,0.6685,0.5014
WC-2006,2006 FIFA Men's World Cup,2006,M-2006-15,2006-06-14,Group H,Spain,Ukraine,4,0,4,1964.64,1792.66,171.98,1.0,0.732,0.0
WC-2006,2006 FIFA Men's World Cup,2006,M-2006-16,2006-06-14,Group H,Tunisia,Saudi Arabia,2,2,0,1781.5,1650.09,131.41,0.0,0.7952,0.7952
WC-2006,2006 FIFA Men's World Cup,2006,M-2006-17,2006-06-14,Group A,Germany,Poland,1,0,1,1922.36,1819.74,102.62,0.25,0.8401,0.63
WC-2006,2006 FIFA Men's World Cup,2006,M-2006-18,2006-06-15,Group A,Ecuador,Costa Rica,3,0,3,1732.05,1755.99,23.94,0.75,0.9627,0.2407
WC-2006,2006 FIFA Men's World Cup,2006,M-2006-19,2006-06-15,Group B,England,Trinidad and Tobago,2,0,2,1976.75,1657.64,319.11,0.5,0.5027,0.2513
WC-2006,2006 FIFA Men's World Cup,2006,M-2006-20,2006-06-15,Group B,Sweden,Paraguay,1,0,1,1870.28,1789.76,80.52,0.25,0.8745,0.6559
WC-2006,2006 FIFA Men's World Cup,2006,M-2006-21,2006-06-16,Group C,Argentina,Serbia and Montenegro,6,0,6,1946.36,,,1.0,,
WC-2006,2006 FIFA Men's World Cup,2006,M-2006-22,2006-06-16,Group C,Netherlands,Ivory Coast,2,1,1,1992.63,1843.37,149.26,0.25,0.7674,0.5755
WC-2006,2006 FIFA Men's World Cup,2006,M-2006-23,2006-06-16,Group D,Mexico,Angola,0,0,0,1886.18,1672.34,213.84,0.0,0.6667,0.6667
WC-2006,2006 FIFA Men's World Cup,2006,M-2006-24,2006-06-17,Group D,Portugal,Iran,2,0,2,1917.21,1893.48,23.73,0.5,0.963,0.4815
WC-2006,2006 FIFA Men's World Cup,2006,M-2006-25,2006-06-17,Group E,Czech Republic,Ghana,0,2,2,1968.01,1708.45,259.56,0.5,0.5955,0.2977
WC-2006,2006 FIFA Men's World Cup,2006,M-2006-26,2006-06-17,Group E,Italy,United States,1,1,0,1943.15,1886.21,56.94,0.0,0.9113,0.9113
WC-2006,2006 FIFA Men's World Cup,2006,M-2006-27,2006-06-18,Group F,Japan,Croatia,0,0,0,1858.1,1845.29,12.81,0.0,0.98,0.98
WC-2006,2006 FIFA Men's World Cup,2006,M-2006-28,2006-06-18,Group F,Brazil,Australia,2,0,2,2058.0,1884.14,173.86,0.5,0.729,0.3645
WC-2006,2006 FIFA Men's World Cup,2006,M-2006-29,2006-06-18,Group G,France,South Korea,1,1,0,1977.53,1787.51,190.02,0.0,0.7039,0.7039
WC-2006,2006 FIFA Men's World Cup,2006,M-2006-30,2006-06-19,Group G,Togo,Switzerland,0,2,2,1593.84,1802.12,208.28,0.5,0.6754,0.3377
WC-2006,2006 FIFA Men's World Cup,2006,M-2006-31,2006-06-19,Group H,Saudi Arabia,Ukraine,0,4,4,1650.09,1792.66,142.57,1.0,0.7778,0.0
WC-2006,2006 FIFA Men's World Cup,2006,M-2006-32,2006-06-19,Group H,Spain,Tunisia,3,1,2,1964.64,1781.5,183.14,0.5,0.7146,0.3573
WC-2006,2006 FIFA Men's World Cup,2006,M-2006-33,2006-06-20,Group A,Costa Rica,Poland,1,2,1,1755.99,1819.74,63.75,0.25,0.9006,0.6755
WC-2006,2006 FIFA Men's World Cup,2006,M-2006-34,2006-06-20,Group A,Ecuador,Germany,0,3,3,1732.05,1922.36,190.31,0.75,0.7034,0.1759
WC-2006,2006 FIFA Men's World Cup,2006,M-2006-35,2006-06-20,Group B,Paraguay,Trinidad and Tobago,2,0,2,1789.76,1657.64,132.12,0.5,0.7941,0.397
WC-2006,2006 FIFA Men's World Cup,2006,M-2006-36,2006-06-20,Group B,Sweden,England,2,2,0,1870.28,1976.75,106.47,0.0,0.8341,0.8341
WC-2006,2006 FIFA Men's World Cup,2006,M-2006-37,2006-06-21,Group D,Iran,Angola,1,1,0,1893.48,1672.34,221.14,0.0,0.6554,0.6554
WC-2006,2006 FIFA Men's World Cup,2006,M-2006-38,2006-06-21,Group D,Portugal,Mexico,2,1,1,1917.21,1886.18,31.03,0.25,0.9516,0.7137
WC-2006,2006 FIFA Men's World Cup,2006,M-2006-39,2006-06-21,Group C,Ivory Coast,Serbia and Montenegro,3,2,1,1843.37,,,0.25,,
WC-2006,2006 FIFA Men's World Cup,2006,M-2006-40,2006-06-21,Group C,Netherlands,Argentina,0,0,0,1992.63,1946.36,46.27,0.0,0.9279,0.9279
WC-2006,2006 FIFA Men's World Cup,2006,M-2006-41,2006-06-22,Group E,Czech Republic,Italy,0,2,2,1968.01,1943.15,24.86,0.5,0.9613,0.4806
WC-2006,2006 FIFA Men's World Cup,2006,M-2006-42,2006-06-22,Group E,Ghana,United States,2,1,1,1708.45,1886.21,177.76,0.25,0.723,0.5422
WC-2006,2006 FIFA Men's World Cup,2006,M-2006-43,2006-06-22,Group F,Croatia,Australia,2,2,0,1845.29,1884.14,38.85,0.0,0.9395,0.9395
WC-2006,2006 FIFA Men's World Cup,2006,M-2006-44,2006-06-22,Group F,Japan,Brazil,1,4,3,1858.1,2058.0,199.9,0.75,0.6885,0.1721
WC-2006,2006 FIFA Men's World Cup,2006,M-2006-45,2006-06-23,Group H,Saudi Arabia,Spain,0,1,1,1650.09,1964.64,314.55,0.25,0.5098,0.3823
WC-2006,2006 FIFA Men's World Cup,2006,M-2006-46,2006-06-23,Group H,Ukraine,Tunisia,1,0,1,1792.66,1781.5,11.16,0.25,0.9826,0.737
WC-2006,2006 FIFA Men's World Cup,2006,M-2006-47,2006-06-23,Group G,Switzerland,South Korea,2,0,2,1802.12,1787.51,14.61,0.5,0.9772,0.4886
WC-2006,2006 FIFA Men's World Cup,2006,M-2006-48,2006-06-23,Group G,Togo,France,0,2,2,1593.84,1977.53,383.69,0.5,0.5,0.25
WC-2010,2010 FIFA Men's World Cup,2010,M-2010-01,2010-06-11,Group A,South Africa,Mexico,1,1,0,1679.11,1956.06,276.95,0.0,0.5684,0.5684
WC-2010,2010 FIFA Men's World Cup,2010,M-2010-02,2010-06-11,Group A,Uruguay,France,0,0,0,1873.96,1882.31,8.35,0.0,0.987,0.987
WC-2010,2010 FIFA Men's World Cup,2010,M-2010-03,2010-06-12,Group B,South Korea,Greece,2,0,2,1838.48,1752.25,86.23,0.5,0.8656,0.4328
WC-2010,2010 FIFA Men's World Cup,2010,M-2010-04,2010-06-12,Group B,Argentina,Nigeria,1,0,1,1934.51,1809.4,125.11,0.25,0.805,0.6038
WC-2010,2010 FIFA Men's World Cup,2010,M-2010-05,2010-06-12,Group C,England,United States,1,1,0,2021.29,1850.82,170.47,0.0,0.7343,0.7343
WC-2010,2010 FIFA Men's World Cup,2010,M-2010-06,2010-06-13,Group C,Algeria,Slovenia,0,1,1,1637.29,1699.9,62.61,0.25,0.9024,0.6768
WC-2010,2010 FIFA Men's World Cup,2010,M-2010-07,2010-06-13,Group D,Serbia,Ghana,0,1,1,1866.42,1775.32,91.1,0.25,0.858,0.6435
WC-2010,2010 FIFA Men's World Cup,2010,M-2010-08,2010-06-13,Group D,Germany,Australia,4,0,4,1976.74,1851.76,124.98,1.0,0.8052,0.0
WC-2010,2010 FIFA Men's World Cup,2010,M-2010-09,2010-06-14,Group E,Netherlands,Denmark,2,0,2,2059.57,1784.55,275.02,0.5,0.5714,0.2857
WC-2010,2010 FIFA Men's World Cup,2010,M-2010-10,2010-06-14,Group E,Japan,Cameroon,1,0,1,1763.96,1784.53,20.57,0.25,0.9679,0.726
WC-2010,2010 FIFA Men's World Cup,2010,M-2010-11,2010-06-14,Group F,Italy,Paraguay,1,1,0,1953.92,1803.15,150.77,0.0,0.765,0.765
WC-2010,2010 FIFA Men's World Cup,2010,M-2010-12,2010-06-15,Group F,New Zealand,Slovakia,1,1,0,1680.08,1693.91,13.83,0.0,0.9784,0.9784
WC-2010,2010 FIFA Men's World Cup,2010,M-2010-13,2010-06-15,Group G,Ivory Coast,Portugal,0,0,0,1827.97,1897.38,69.41,0.0,0.8918,0.8918
WC-2010,2010 FIFA Men's World Cup,2010,M-2010-14,2010-06-15,Group G,Brazil,North Korea,2,1,1,2143.63,1627.56,516.07,0.25,0.5,0.375
WC-2010,2010 FIFA Men's World Cup,2010,M-2010-15,2010-06-16,Group H,Honduras,Chile,0,1,1,1783.9,1923.1,139.2,0.25,0.7831,0.5873
WC-2010,2010 FIFA Men's World Cup,2010,M-2010-16,2010-06-16,Group H,Spain,Switzerland,0,1,1,2136.02,1780.04,355.98,0.25,0.5,0.375
WC-2010,2010 FIFA Men's World Cup,2010,M-2010-17,2010-06-16,Group A,South Africa,Uruguay,0,3,3,1679.11,1873.96,194.85,0.75,0.6963,0.1741
WC-2010,2010 FIFA Men's World Cup,2010,M-2010-18,2010-06-17,Group B,Argentina,South Korea,4,1,3,1934.51,1838.48,96.03,0.75,0.8503,0.2126
WC-2010,2010 FIFA Men's World Cup,2010,M-2010-19,2010-06-17,Group B,Greece,Nigeria,2,1,1,1752.25,1809.4,57.15,0.25,0.9109,0.6832
WC-2010,2010 FIFA Men's World Cup,2010,M-2010-20,2010-06-17,Group A,France,Mexico,0,2,2,1882.31,1956.06,73.75,0.5,0.8851,0.4425
WC-2010,2010 FIFA Men's World Cup,2010,M-2010-21,2010-06-18,Group D,Germany,Serbia,0,1,1,1976.74,1866.42,110.32,0.25,0.8281,0.621
WC-2010,2010 FIFA Men's World Cup,2010,M-2010-22,2010-06-18,Group C,Slovenia,United States,2,2,0,1699.9,1850.82,150.92,0.0,0.7648,0.7648
WC-2010,2010 FIFA Men's World Cup,2010,M-2010-23,2010-06-18,Group C,England,Algeria,0,0,0,2021.29,1637.29,384.0,0.0,0.5,0.5
WC-2010,2010 FIFA Men's World Cup,2010,M-2010-24,2010-06-19,Group E,Netherlands,Japan,1,0,1,2059.57,1763.96,295.61,0.25,0.5393,0.4045
WC-2010,2010 FIFA Men's World Cup,2010,M-2010-25,2010-06-19,Group D,Ghana,Australia,1,1,0,1775.32,1851.76,76.44,0.0,0.8809,0.8809
WC-2010,2010 FIFA Men's World Cup,2010,M-2010-26,2010-06-19,Group E,Cameroon,Denmark,1,2,1,1784.53,1784.55,0.02,0.25,1.0,0.75
WC-2010,2010 FIFA Men's World Cup,2010,M-2010-27,2010-06-20,Group F,Slovakia,Paraguay,0,2,2,1693.91,1803.15,109.24,0.5,0.8297,0.4149
WC-2010,2010 FIFA Men's World Cup,2010,M-2010-28,2010-06-20,Group F,Italy,New Zealand,1,1,0,1953.92,1680.08,273.84,0.0,0.5732,0.5732
WC-2010,2010 FIFA Men's World Cup,2010,M-2010-29,2010-06-20,Group G,Brazil,Ivory Coast,3,1,2,2143.63,1827.97,315.66,0.5,0.508,0.254
WC-2010,2010 FIFA Men's World Cup,2010,M-2010-30,2010-06-21,Group G,Portugal,North Korea,7,0,7,1897.38,1627.56,269.82,1.0,0.5795,0.0
WC-2010,2010 FIFA Men's World Cup,2010,M-2010-31,2010-06-21,Group H,Chile,Switzerland,1,0,1,1923.1,1780.04,143.06,0.25,0.777,0.5828
WC-2010,2010 FIFA Men's World Cup,2010,M-2010-32,2010-06-21,Group H,Spain,Honduras,2,0,2,2136.02,1783.9,352.12,0.5,0.5,0.25
WC-2010,2010 FIFA Men's World Cup,2010,M-2010-33,2010-06-22,Group A,France,South Africa,1,2,1,1882.31,1679.11,203.2,0.25,0.6833,0.5125
WC-2010,2010 FIFA Men's World Cup,2010,M-2010-34,2010-06-22,Group A,Mexico,Uruguay,0,1,1,1956.06,1873.96,82.1,0.25,0.872,0.654
WC-2010,2010 FIFA Men's World Cup,2010,M-2010-35,2010-06-22,Group B,Greece,Argentina,0,2,2,1752.25,1934.51,182.26,0.5,0.7159,0.358
WC-2010,2010 FIFA Men's World Cup,2010,M-2010-36,2010-06-22,Group B,Nigeria,South Korea,2,2,0,1809.4,1838.48,29.08,0.0,0.9547,0.9547
WC-2010,2010 FIFA Men's World Cup,2010,M-2010-37,2010-06-23,Group C,Slovenia,England,0,1,1,1699.9,2021.29,321.39,0.25,0.5,0.375
WC-2010,2010 FIFA Men's World Cup,2010,M-2010-38,2010-06-23,Group C,United States,Algeria,1,0,1,1850.82,1637.29,213.53,0.25,0.6672,0.5004
WC-2010,2010 FIFA Men's World Cup,2010,M-2010-39,2010-06-23,Group D,Australia,Serbia,2,1,1,1851.76,1866.42,14.66,0.25,0.9772,0.7329
WC-2010,2010 FIFA Men's World Cup,2010,M-2010-40,2010-06-23,Group D,Ghana,Germany,0,1,1,1775.32,1976.74,201.42,0.25,0.6861,0.5146
WC-2010,2010 FIFA Men's World Cup,2010,M-2010-41,2010-06-24,Group F,Paraguay,New Zealand,0,0,0,1803.15,1680.08,123.07,0.0,0.8082,0.8082
WC-2010,2010 FIFA Men's World Cup,2010,M-2010-42,2010-06-24,Group F,Slovakia,Italy,3,2,1,1693.91,1953.92,260.01,0.25,0.5948,0.4461
WC-2010,2010 FIFA Men's World Cup,2010,M-2010-43,2010-06-24,Group E,Cameroon,Netherlands,1,2,1,1784.53,2059.57,275.04,0.25,0.5713,0.4285
WC-2010,2010 FIFA Men's World Cup,2010,M-2010-44,2010-06-24,Group E,Denmark,Japan,1,3,2,1784.55,1763.96,20.59,0.5,0.9679,0.484
WC-2010,2010 FIFA Men's World Cup,2010,M-2010-45,2010-06-25,Group G,North Korea,Ivory Coast,0,3,3,1627.56,1827.97,200.41,0.75,0.6877,0.1719
WC-2010,2010 FIFA Men's World Cup,2010,M-2010-46,2010-06-25,Group G,Portugal,Brazil,0,0,0,1897.38,2143.63,246.25,0.0,0.6162,0.6162
WC-2010,2010 FIFA Men's World Cup,2010,M-2010-47,2010-06-25,Group H,Chile,Spain,1,2,1,1923.1,2136.02,212.92,0.25,0.6682,0.5011
WC-2010,2010 FIFA Men's World Cup,2010,M-2010-48,2010-06-25,Group H,Switzerland,Honduras,0,0,0,1780.04,1783.9,3.86,0.0,0.994,0.994
WC-2014,2014 FIFA Men's World Cup,2014,M-2014-01,2014-06-12,Group A,Brazil,Croatia,3,1,2,2189.12,1843.59,345.53,0.5,0.5,0.25
WC-2014,2014 FIFA Men's World Cup,2014,M-2014-02,2014-06-13,Group A,Mexico,Cameroon,1,0,1,1896.83,1746.18,150.65,0.25,0.7652,0.5739
WC-2014,2014 FIFA Men's World Cup,2014,M-2014-03,2014-06-13,Group B,Spain,Netherlands,1,5,4,2147.43,2012.19,135.24,1.0,0.7892,0.0
WC-2014,2014 FIFA Men's World Cup,2014,M-2014-04,2014-06-13,Group B,Chile,Australia,3,1,2,1962.94,1795.08,167.86,0.5,0.7384,0.3692
WC-2014,2014 FIFA Men's World Cup,2014,M-2014-05,2014-06-14,Group C,Colombia,Greece,3,0,3,1966.25,1851.79,114.46,0.75,0.8216,0.2054
WC-2014,2014 FIFA Men's World Cup,2014,M-2014-06,2014-06-14,Group D,Uruguay,Costa Rica,1,3,2,1969.23,1788.94,180.29,0.5,0.719,0.3595
WC-2014,2014 FIFA Men's World Cup,2014,M-2014-07,2014-06-14,Group D,England,Italy,1,2,1,1954.76,1926.82,27.94,0.25,0.9565,0.7173
WC-2014,2014 FIFA Men's World Cup,2014,M-2014-08,2014-06-14,Group C,Ivory Coast,Japan,2,1,1,1870.46,1855.72,14.74,0.25,0.977,0.7328
WC-2014,2014 FIFA Men's World Cup,2014,M-2014-09,2014-06-15,Group E,Switzerland,Ecuador,2,1,1,1874.96,1882.4,7.44,0.25,0.9884,0.7413
WC-2014,2014 FIFA Men's World Cup,2014,M-2014-10,2014-06-15,Group E,France,Honduras,3,0,3,1926.49,1755.14,171.35,0.75,0.7329,0.1832
WC-2014,2014 FIFA Men's World Cup,2014,M-2014-11,2014-06-15,Group F,Argentina,Bosnia and Herzegovina,2,1,1,2047.57,1818.18,229.39,0.25,0.6425,0.4819
WC-2014,2014 FIFA Men's World Cup,2014,M-2014-12,2014-06-16,Group G,Germany,Portugal,4,0,4,2102.21,1973.95,128.26,1.0,0.8001,0.0
WC-2014,2014 FIFA Men's World Cup,2014,M-2014-13,2014-06-16,Group F,Iran,Nigeria,0,0,0,1809.9,1814.71,4.81,0.0,0.9925,0.9925
WC-2014,2014 FIFA Men's World Cup,2014,M-2014-14,2014-06-16,Group G,Ghana,United States,1,2,1,1805.74,1920.8,115.06,0.25,0.8207,0.6155
WC-2014,2014 FIFA Men's World Cup,2014,M-2014-15,2014-06-17,Group H,Belgium,Algeria,2,1,1,1880.06,1712.5,167.56,0.25,0.7389,0.5541
WC-2014,2014 FIFA Men's World Cup,2014,M-2014-16,2014-06-17,Group A,Brazil,Mexico,0,0,0,2189.12,1896.83,292.29,0.0,0.5445,0.5445
WC-2014,2014 FIFA Men's World Cup,2014,M-2014-17,2014-06-17,Group H,Russia,South Korea,1,1,0,1878.24,1751.22,127.02,0.0,0.802,0.802
WC-2014,2014 FIFA Men's World Cup,2014,M-2014-18,2014-06-18,Group B,Australia,Netherlands,2,3,1,1795.08,2012.19,217.11,0.25,0.6616,0.4962
WC-2014,2014 FIFA Men's World Cup,2014,M-2014-19,2014-06-18,Group B,Spain,Chile,0,2,2,2147.43,1962.94,184.49,0.5,0.7125,0.3562
WC-2014,2014 FIFA Men's World Cup,2014,M-2014-20,2014-06-18,Group A,Cameroon,Croatia,0,4,4,1746.18,1843.59,97.41,1.0,0.8482,0.0
WC-2014,2014 FIFA Men's World Cup,2014,M-2014-21,2014-06-19,Group C,Colombia,Ivory Coast,2,1,1,1966.25,1870.46,95.79,0.25,0.8507,0.638
WC-2014,2014 FIFA Men's World Cup,2014,M-2014-22,2014-06-19,Group D,Uruguay,England,2,1,1,1969.23,1954.76,14.47,0.25,0.9774,0.7331
WC-2014,2014 FIFA Men's World Cup,2014,M-2014-23,2014-06-19,Group C,Japan,Greece,0,0,0,1855.72,1851.79,3.93,0.0,0.9939,0.9939
WC-2014,2014 FIFA Men's World Cup,2014,M-2014-24,2014-06-20,Group D,Italy,Costa Rica,0,1,1,1926.82,1788.94,137.88,0.25,0.7851,0.5888
WC-2014,2014 FIFA Men's World Cup,2014,M-2014-25,2014-06-20,Group E,Switzerland,France,2,5,3,1874.96,1926.49,51.53,0.75,0.9197,0.2299
WC-2014,2014 FIFA Men's World Cup,2014,M-2014-26,2014-06-20,Group E,Honduras,Ecuador,1,2,1,1755.14,1882.4,127.26,0.25,0.8017,0.6012
WC-2014,2014 FIFA Men's World Cup,2014,M-2014-27,2014-06-21,Group F,Argentina,Iran,1,0,1,2047.57,1809.9,237.67,0.25,0.6296,0.4722
WC-2014,2014 FIFA Men's World Cup,2014,M-2014-28,2014-06-21,Group G,Germany,Ghana,2,2,0,2102.21,1805.74,296.47,0.0,0.5379,0.5379
WC-2014,2014 FIFA Men's World Cup,2014,M-2014-29,2014-06-21,Group F,Nigeria,Bosnia and Herzegovina,1,0,1,1814.71,1818.18,3.47,0.25,0.9946,0.7459
WC-2014,2014 FIFA Men's World Cup,2014,M-2014-30,2014-06-22,Group H,Belgium,Russia,1,0,1,1880.06,1878.24,1.82,0.25,0.9972,0.7479
WC-2014,2014 FIFA Men's World Cup,2014,M-2014-31,2014-06-22,Group H,South Korea,Algeria,2,4,2,1751.22,1712.5,38.72,0.5,0.9397,0.4698
WC-2014,2014 FIFA Men's World Cup,2014,M-2014-32,2014-06-22,Group G,United States,Portugal,2,2,0,1920.8,1973.95,53.15,0.0,0.9172,0.9172
WC-2014,2014 FIFA Men's World Cup,2014,M-2014-33,2014-06-23,Group B,Australia,Spain,0,3,3,1795.08,2147.43,352.35,0.75,0.5,0.125
WC-2014,2014 FIFA Men's World Cup,2014,M-2014-34,2014-06-23,Group B,Netherlands,Chile,2,0,2,2012.19,1962.94,49.25,0.5,0.9232,0.4616
WC-2014,2014 FIFA Men's World Cup,2014,M-2014-35,2014-06-23,Group A,Cameroon,Brazil,1,4,3,1746.18,2189.12,442.94,0.75,0.5,0.125
WC-2014,2014 FIFA Men's World Cup,2014,M-2014-36,2014-06-23,Group A,Croatia,Mexico,1,3,2,1843.59,1896.83,53.24,0.5,0.917,0.4585
WC-2014,2014 FIFA Men's World Cup,2014,M-2014-37,2014-06-24,Group D,Costa Rica,England,0,0,0,1788.94,1954.76,165.82,0.0,0.7416,0.7416
WC-2014,2014 FIFA Men's World Cup,2014,M-2014-38,2014-06-24,Group D,Italy,Uruguay,0,1,1,1926.82,1969.23,42.41,0.25,0.9339,0.7004
WC-2014,2014 FIFA Men's World Cup,2014,M-2014-39,2014-06-24,Group C,Japan,Colombia,1,4,3,1855.72,1966.25,110.53,0.75,0.8277,0.2069
WC-2014,2014 FIFA Men's World Cup,2014,M-2014-40,2014-06-24,Group C,Greece,Ivory Coast,2,1,1,1851.79,1870.46,18.67,0.25,0.9709,0.7282
WC-2014,2014 FIFA Men's World Cup,2014,M-2014-41,2014-06-25,Group F,Bosnia and Herzegovina,Iran,3,1,2,1818.18,1809.9,8.28,0.5,0.9871,0.4935
WC-2014,2014 FIFA Men's World Cup,2014,M-2014-42,2014-06-25,Group F,Nigeria,Argentina,2,3,1,1814.71,2047.57,232.86,0.25,0.6371,0.4778
WC-2014,2014 FIFA Men's World Cup,2014,M-2014-43,2014-06-25,Group E,Honduras,Switzerland,0,3,3,1755.14,1874.96,119.82,0.75,0.8133,0.2033
WC-2014,2014 FIFA Men's World Cup,2014,M-2014-44,2014-06-25,Group E,Ecuador,France,0,0,0,1882.4,1926.49,44.09,0.0,0.9313,0.9313
WC-2014,2014 FIFA Men's World Cup,2014,M-2014-45,2014-06-26,Group G,Portugal,Ghana,2,1,1,1973.95,1805.74,168.21,0.25,0.7378,0.5534
WC-2014,2014 FIFA Men's World Cup,2014,M-2014-46,2014-06-26,Group G,United States,Germany,0,1,1,1920.8,2102.21,181.41,0.25,0.7173,0.538
WC-2014,2014 FIFA Men's World Cup,2014,M-2014-47,2014-06-26,Group H,Algeria,Russia,1,1,0,1712.5,1878.24,165.74,0.0,0.7417,0.7417
WC-2014,2014 FIFA Men's World Cup,2014,M-2014-48,2014-06-26,Group H,South Korea,Belgium,0,1,1,1751.22,1880.06,128.84,0.25,0.7992,0.5994
WC-2018,2018 FIFA Men's World Cup,2018,M-2018-01,2018-06-14,Group A,Russia,Saudi Arabia,5,0,5,1732.78,1689.93,42.85,1.0,0.9332,0.0
WC-2018,2018 FIFA Men's World Cup,2018,M-2018-02,2018-06-15,Group A,Egypt,Uruguay,0,1,1,1746.9,1938.21,191.31,0.25,0.7018,0.5264
WC-2018,2018 FIFA Men's World Cup,2018,M-2018-03,2018-06-15,Group B,Morocco,Iran,0,1,1,1818.45,1882.38,63.93,0.25,0.9004,0.6753
WC-2018,2018 FIFA Men's World Cup,2018,M-2018-04,2018-06-15,Group B,Portugal,Spain,3,3,0,2021.01,2087.51,66.5,0.0,0.8964,0.8964
WC-2018,2018 FIFA Men's World Cup,2018,M-2018-05,2018-06-16,Group C,France,Australia,2,1,1,2026.32,1830.75,195.57,0.25,0.6952,0.5214
WC-2018,2018 FIFA Men's World Cup,2018,M-2018-06,2018-06-16,Group D,Argentina,Iceland,1,1,0,2045.49,1821.34,224.15,0.0,0.6507,0.6507
WC-2018,2018 FIFA Men's World Cup,2018,M-2018-07,2018-06-16,Group C,Peru,Denmark,0,1,1,2003.52,1878.4,125.12,0.25,0.805,0.6037
WC-2018,2018 FIFA Men's World Cup,2018,M-2018-08,2018-06-16,Group D,Croatia,Nigeria,2,0,2,1901.58,1733.14,168.44,0.5,0.7375,0.3687
WC-2018,2018 FIFA Men's World Cup,2018,M-2018-09,2018-06-17,Group E,Costa Rica,Serbia,0,1,1,1854.39,1809.33,45.06,0.25,0.9298,0.6973
WC-2018,2018 FIFA Men's World Cup,2018,M-2018-10,2018-06-17,Group F,Germany,Mexico,0,1,1,2123.23,1925.79,197.44,0.25,0.6923,0.5192
WC-2018,2018 FIFA Men's World Cup,2018,M-2018-11,2018-06-17,Group E,Brazil,Switzerland,1,1,0,2188.61,1931.59,257.02,0.0,0.5994,0.5994
WC-2018,2018 FIFA Men's World Cup,2018,M-2018-12,2018-06-18,Group F,Sweden,South Korea,1,0,1,1831.74,1785.48,46.26,0.25,0.9279,0.6959
WC-2018,2018 FIFA Men's World Cup,2018,M-2018-13,2018-06-18,Group G,Belgium,Panama,3,0,3,1984.09,1770.1,213.99,0.75,0.6665,0.1666
WC-2018,2018 FIFA Men's World Cup,2018,M-2018-14,2018-06-18,Group G,Tunisia,England,1,2,1,1766.69,1986.76,220.07,0.25,0.657,0.4928
WC-2018,2018 FIFA Men's World Cup,2018,M-2018-15,2018-06-19,Group H,Colombia,Japan,1,2,1,1989.23,1786.54,202.69,0.25,0.6841,0.5131
WC-2018,2018 FIFA Men's World Cup,2018,M-2018-16,2018-06-19,Group H,Poland,Senegal,1,2,1,1872.85,1854.95,17.9,0.25,0.9721,0.7291
WC-2018,2018 FIFA Men's World Cup,2018,M-2018-17,2018-06-19,Group A,Russia,Egypt,3,1,2,1732.78,1746.9,14.12,0.5,0.978,0.489
WC-2018,2018 FIFA Men's World Cup,2018,M-2018-18,2018-06-20,Group B,Portugal,Morocco,1,0,1,2021.01,1818.45,202.56,0.25,0.6843,0.5132
WC-2018,2018 FIFA Men's World Cup,2018,M-2018-19,2018-06-20,Group A,Uruguay,Saudi Arabia,1,0,1,1938.21,1689.93,248.28,0.25,0.6131,0.4598
WC-2018,2018 FIFA Men's World Cup,2018,M-2018-20,2018-06-20,Group B,Iran,Spain,0,1,1,1882.38,2087.51,205.13,0.25,0.6803,0.5102
WC-2018,2018 FIFA Men's World Cup,2018,M-2018-21,2018-06-21,Group C,Denmark,Australia,1,1,0,1878.4,1830.75,47.65,0.0,0.9257,0.9257
WC-2018,2018 FIFA Men's World Cup,2018,M-2018-22,2018-06-21,Group C,France,Peru,1,0,1,2026.32,2003.52,22.8,0.25,0.9645,0.7233
WC-2018,2018 FIFA Men's World Cup,2018,M-2018-23,2018-06-21,Group D,Argentina,Croatia,0,3,3,2045.49,1901.58,143.91,0.75,0.7757,0.1939
WC-2018,2018 FIFA Men's World Cup,2018,M-2018-24,2018-06-22,Group E,Brazil,Costa Rica,2,0,2,2188.61,1854.39,334.22,0.5,0.5,0.25
WC-2018,2018 FIFA Men's World Cup,2018,M-2018-25,2018-06-22,Group D,Nigeria,Iceland,2,0,2,1733.14,1821.34,88.2,0.5,0.8625,0.4313
WC-2018,2018 FIFA Men's World Cup,2018,M-2018-26,2018-06-22,Group E,Serbia,Switzerland,1,2,1,1809.33,1931.59,122.26,0.25,0.8095,0.6071
WC-2018,2018 FIFA Men's World Cup,2018,M-2018-27,2018-06-23,Group G,Belgium,Tunisia,5,2,3,1984.09,1766.69,217.4,0.75,0.6612,0.1653
WC-2018,2018 FIFA Men's World Cup,2018,M-2018-28,2018-06-23,Group F,South Korea,Mexico,1,2,1,1785.48,1925.79,140.31,0.25,0.7813,0.586
WC-2018,2018 FIFA Men's World Cup,2018,M-2018-29,2018-06-23,Group F,Germany,Sweden,2,1,1,2123.23,1831.74,291.49,0.25,0.5457,0.4093
WC-2018,2018 FIFA Men's World Cup,2018,M-2018-30,2018-06-24,Group G,England,Panama,6,1,5,1986.76,1770.1,216.66,1.0,0.6623,0.0
WC-2018,2018 FIFA Men's World Cup,2018,M-2018-31,2018-06-24,Group H,Japan,Senegal,2,2,0,1786.54,1854.95,68.41,0.0,0.8934,0.8934
WC-2018,2018 FIFA Men's World Cup,2018,M-2018-32,2018-06-24,Group H,Poland,Colombia,0,3,3,1872.85,1989.23,116.38,0.75,0.8186,0.2047
WC-2018,2018 FIFA Men's World Cup,2018,M-2018-33,2018-06-25,Group A,Saudi Arabia,Egypt,2,1,1,1689.93,1746.9,56.97,0.25,0.9112,0.6834
WC-2018,2018 FIFA Men's World Cup,2018,M-2018-34,2018-06-25,Group A,Uruguay,Russia,3,0,3,1938.21,1732.78,205.43,0.75,0.6798,0.17
WC-2018,2018 FIFA Men's World Cup,2018,M-2018-35,2018-06-25,Group B,Spain,Morocco,2,2,0,2087.51,1818.45,269.06,0.0,0.5807,0.5807
WC-2018,2018 FIFA Men's World Cup,2018,M-2018-36,2018-06-25,Group B,Iran,Portugal,1,1,0,1882.38,2021.01,138.63,0.0,0.7839,0.7839
WC-2018,2018 FIFA Men's World Cup,2018,M-2018-37,2018-06-26,Group C,Australia,Peru,0,2,2,1830.75,2003.52,172.77,0.5,0.7307,0.3654
WC-2018,2018 FIFA Men's World Cup,2018,M-2018-38,2018-06-26,Group C,Denmark,France,0,0,0,1878.4,2026.32,147.92,0.0,0.7695,0.7695
WC-2018,2018 FIFA Men's World Cup,2018,M-2018-39,2018-06-26,Group D,Iceland,Croatia,1,2,1,1821.34,1901.58,80.24,0.25,0.8749,0.6562
WC-2018,2018 FIFA Men's World Cup,2018,M-2018-40,2018-06-26,Group D,Nigeria,Argentina,1,2,1,1733.14,2045.49,312.35,0.25,0.5132,0.3849
WC-2018,2018 FIFA Men's World Cup,2018,M-2018-41,2018-06-27,Group F,South Korea,Germany,2,0,2,1785.48,2123.23,337.75,0.5,0.5,0.25
WC-2018,2018 FIFA Men's World Cup,2018,M-2018-42,2018-06-27,Group F,Mexico,Sweden,0,3,3,1925.79,1831.74,94.05,0.75,0.8534,0.2134
WC-2018,2018 FIFA Men's World Cup,2018,M-2018-43,2018-06-27,Group E,Serbia,Brazil,0,2,2,1809.33,2188.61,379.28,0.5,0.5,0.25
WC-2018,2018 FIFA Men's World Cup,2018,M-2018-44,2018-06-27,Group E,Switzerland,Costa Rica,2,2,0,1931.59,1854.39,77.2,0.0,0.8797,0.8797
WC-2018,2018 FIFA Men's World Cup,2018,M-2018-45,2018-06-28,Group H,Japan,Poland,0,1,1,1786.54,1872.85,86.31,0.25,0.8655,0.6491
WC-2018,2018 FIFA Men's World Cup,2018,M-2018-46,2018-06-28,Group H,Senegal,Colombia,0,1,1,1854.95,1989.23,134.28,0.25,0.7907,0.593
WC-2018,2018 FIFA Men's World Cup,2018,M-2018-47,2018-06-28,Group G,England,Belgium,0,1,1,1986.76,1984.09,2.67,0.25,0.9958,0.7469
WC-2018,2018 FIFA Men's World Cup,2018,M-2018-48,2018-06-28,Group G,Panama,Tunisia,1,2,1,1770.1,1766.69,3.41,0.25,0.9947,0.746
WC-2022,2022 FIFA Men's World Cup,2022,M-2022-01,2022-11-20,Group A,Qatar,Ecuador,0,2,2,1778.19,1902.41,124.22,0.5,0.8064,0.4032
WC-2022,2022 FIFA Men's World Cup,2022,M-2022-02,2022-11-21,Group B,England,Iran,6,2,4,1973.35,1894.77,78.58,1.0,0.8775,0.0
WC-2022,2022 FIFA Men's World Cup,2022,M-2022-03,2022-11-21,Group A,Senegal,Netherlands,0,2,2,1795.86,2085.78,289.92,0.5,0.5482,0.2741
WC-2022,2022 FIFA Men's World Cup,2022,M-2022-04,2022-11-21,Group B,United States,Wales,1,1,0,1897.87,1832.7,65.17,0.0,0.8984,0.8984
WC-2022,2022 FIFA Men's World Cup,2022,M-2022-05,2022-11-22,Group C,Argentina,Saudi Arabia,1,2,1,2188.3,1748.21,440.09,0.25,0.5,0.375
WC-2022,2022 FIFA Men's World Cup,2022,M-2022-06,2022-11-22,Group D,Denmark,Tunisia,0,0,0,2016.14,1793.12,223.02,0.0,0.6524,0.6524
WC-2022,2022 FIFA Men's World Cup,2022,M-2022-07,2022-11-22,Group C,Mexico,Poland,0,0,0,1905.17,1862.38,42.79,0.0,0.9333,0.9333
WC-2022,2022 FIFA Men's World Cup,2022,M-2022-08,2022-11-22,Group D,France,Australia,4,1,3,2045.4,1829.41,215.99,0.75,0.6634,0.1658
WC-2022,2022 FIFA Men's World Cup,2022,M-2022-09,2022-11-23,Group F,Morocco,Croatia,0,0,0,1857.77,1974.07,116.3,0.0,0.8187,0.8187
WC-2022,2022 FIFA Men's World Cup,2022,M-2022-10,2022-11-23,Group E,Germany,Japan,1,2,1,2016.16,1895.26,120.9,0.25,0.8116,0.6087
WC-2022,2022 FIFA Men's World Cup,2022,M-2022-11,2022-11-23,Group E,Spain,Costa Rica,7,0,7,2097.7,1861.63,236.07,1.0,0.6321,0.0
WC-2022,2022 FIFA Men's World Cup,2022,M-2022-12,2022-11-23,Group F,Belgium,Canada,1,0,1,2063.09,1889.57,173.52,0.25,0.7296,0.5472
WC-2022,2022 FIFA Men's World Cup,2022,M-2022-13,2022-11-24,Group G,Switzerland,Cameroon,1,0,1,1963.09,1716.32,246.77,0.25,0.6154,0.4616
WC-2022,2022 FIFA Men's World Cup,2022,M-2022-14,2022-11-24,Group H,Uruguay,South Korea,0,0,0,2003.77,1886.27,117.5,0.0,0.8169,0.8169
WC-2022,2022 FIFA Men's World Cup,2022,M-2022-15,2022-11-24,Group H,Portugal,Ghana,3,2,1,2054.53,1678.56,375.97,0.25,0.5,0.375
WC-2022,2022 FIFA Men's World Cup,2022,M-2022-16,2022-11-24,Group G,Brazil,Serbia,2,0,2,2229.09,1948.9,280.19,0.5,0.5633,0.2817
WC-2022,2022 FIFA Men's World Cup,2022,M-2022-17,2022-11-25,Group B,Wales,Iran,0,2,2,1832.7,1894.77,62.07,0.5,0.9033,0.4516
WC-2022,2022 FIFA Men's World Cup,2022,M-2022-18,2022-11-25,Group A,Qatar,Senegal,1,3,2,1778.19,1795.86,17.67,0.5,0.9725,0.4862
WC-2022,2022 FIFA Men's World Cup,2022,M-2022-19,2022-11-25,Group A,Netherlands,Ecuador,1,1,0,2085.78,1902.41,183.37,0.0,0.7142,0.7142
WC-2022,2022 FIFA Men's World Cup,2022,M-2022-20,2022-11-25,Group B,England,United States,0,0,0,1973.35,1897.87,75.48,0.0,0.8824,0.8824
WC-2022,2022 FIFA Men's World Cup,2022,M-2022-21,2022-11-26,Group D,Tunisia,Australia,0,1,1,1793.12,1829.41,36.29,0.25,0.9434,0.7076
WC-2022,2022 FIFA Men's World Cup,2022,M-2022-22,2022-11-26,Group C,Poland,Saudi Arabia,2,0,2,1862.38,1748.21,114.17,0.5,0.8221,0.411
WC-2022,2022 FIFA Men's World Cup,2022,M-2022-23,2022-11-26,Group D,France,Denmark,2,1,1,2045.4,2016.14,29.26,0.25,0.9544,0.7158
WC-2022,2022 FIFA Men's World Cup,2022,M-2022-24,2022-11-26,Group C,Argentina,Mexico,2,0,2,2188.3,1905.17,283.13,0.5,0.5587,0.2794
WC-2022,2022 FIFA Men's World Cup,2022,M-2022-25,2022-11-27,Group E,Japan,Costa Rica,0,1,1,1895.26,1861.63,33.63,0.25,0.9476,0.7107
WC-2022,2022 FIFA Men's World Cup,2022,M-2022-26,2022-11-27,Group F,Belgium,Morocco,0,2,2,2063.09,1857.77,205.32,0.5,0.68,0.34
WC-2022,2022 FIFA Men's World Cup,2022,M-2022-27,2022-11-27,Group F,Croatia,Canada,4,1,3,1974.07,1889.57,84.5,0.75,0.8683,0.2171
WC-2022,2022 FIFA Men's World Cup,2022,M-2022-28,2022-11-27,Group E,Spain,Germany,1,1,0,2097.7,2016.16,81.54,0.0,0.8729,0.8729
WC-2022,2022 FIFA Men's World Cup,2022,M-2022-29,2022-11-28,Group G,Cameroon,Serbia,3,3,0,1716.32,1948.9,232.58,0.0,0.6375,0.6375
WC-2022,2022 FIFA Men's World Cup,2022,M-2022-30,2022-11-28,Group H,South Korea,Ghana,2,3,1,1886.27,1678.56,207.71,0.25,0.6763,0.5072
WC-2022,2022 FIFA Men's World Cup,2022,M-2022-31,2022-11-28,Group G,Brazil,Switzerland,1,0,1,2229.09,1963.09,266.0,0.25,0.5854,0.4391
WC-2022,2022 FIFA Men's World Cup,2022,M-2022-32,2022-11-28,Group H,Portugal,Uruguay,2,0,2,2054.53,2003.77,50.76,0.5,0.9209,0.4604
WC-2022,2022 FIFA Men's World Cup,2022,M-2022-33,2022-11-29,Group A,Ecuador,Senegal,1,2,1,1902.41,1795.86,106.55,0.25,0.8339,0.6255
WC-2022,2022 FIFA Men's World Cup,2022,M-2022-34,2022-11-29,Group A,Netherlands,Qatar,2,0,2,2085.78,1778.19,307.59,0.5,0.5206,0.2603
WC-2022,2022 FIFA Men's World Cup,2022,M-2022-35,2022-11-29,Group B,Iran,United States,0,1,1,1894.77,1897.87,3.1,0.25,0.9952,0.7464
WC-2022,2022 FIFA Men's World Cup,2022,M-2022-36,2022-11-29,Group B,Wales,England,0,3,3,1832.7,1973.35,140.65,0.75,0.7808,0.1952
WC-2022,2022 FIFA Men's World Cup,2022,M-2022-37,2022-11-30,Group D,Australia,Denmark,1,0,1,1829.41,2016.14,186.73,0.25,0.709,0.5317
WC-2022,2022 FIFA Men's World Cup,2022,M-2022-38,2022-11-30,Group D,Tunisia,France,1,0,1,1793.12,2045.4,252.28,0.25,0.6068,0.4551
WC-2022,2022 FIFA Men's World Cup,2022,M-2022-39,2022-11-30,Group C,Poland,Argentina,0,2,2,1862.38,2188.3,325.92,0.5,0.5,0.25
WC-2022,2022 FIFA Men's World Cup,2022,M-2022-40,2022-11-30,Group C,Saudi Arabia,Mexico,1,2,1,1748.21,1905.17,156.96,0.25,0.7554,0.5665
WC-2022,2022 FIFA Men's World Cup,2022,M-2022-41,2022-12-01,Group F,Canada,Morocco,1,2,1,1889.57,1857.77,31.8,0.25,0.9504,0.7128
WC-2022,2022 FIFA Men's World Cup,2022,M-2022-42,2022-12-01,Group F,Croatia,Belgium,0,0,0,1974.07,2063.09,89.02,0.0,0.8613,0.8613
WC-2022,2022 FIFA Men's World Cup,2022,M-2022-43,2022-12-01,Group E,Costa Rica,Germany,2,4,2,1861.63,2016.16,154.53,0.5,0.7592,0.3796
WC-2022,2022 FIFA Men's World Cup,2022,M-2022-44,2022-12-01,Group E,Japan,Spain,2,1,1,1895.26,2097.7,202.44,0.25,0.6845,0.5134
WC-2022,2022 FIFA Men's World Cup,2022,M-2022-45,2022-12-02,Group H,Ghana,Uruguay,0,2,2,1678.56,2003.77,325.21,0.5,0.5,0.25
WC-2022,2022 FIFA Men's World Cup,2022,M-2022-46,2022-12-02,Group H,South Korea,Portugal,2,1,1,1886.27,2054.53,168.26,0.25,0.7378,0.5533
WC-2022,2022 FIFA Men's World Cup,2022,M-2022-47,2022-12-02,Group G,Cameroon,Brazil,1,0,1,1716.32,2229.09,512.77,0.25,0.5,0.375
WC-2022,2022 FIFA Men's World Cup,2022,M-2022-48,2022-12-02,Group G,Serbia,Switzerland,2,3,1,1948.9,1963.09,14.19,0.25,0.9779,0.7334
