tournament_id,year,group_name,team,played,won,drawn,lost,goals_for,goals_against,points,goal_diff,group_rank
WC-1930,1930,Group 1,Argentina,3,3,0,0,10,4,6,6,1
WC-1930,1930,Group 1,Chile,3,2,0,1,5,3,4,2,2
WC-1930,1930,Group 1,France,3,1,0,2,4,3,2,1,3
WC-1930,1930,Group 1,Mexico,3,0,0,3,4,13,0,-9,4
WC-1930,1930,Group 2,Yugoslavia,2,2,0,0,6,1,4,5,1
WC-1930,1930,Group 2,Brazil,2,1,0,1,5,2,2,3,2
WC-1930,1930,Group 2,Bolivia,2,0,0,2,0,8,0,-8,3
WC-1930,1930,Group 3,Uruguay,2,2,0,0,5,0,4,5,1
WC-1930,1930,Group 3,Romania,2,1,0,1,3,5,2,-2,2
WC-1930,1930,Group 3,Peru,2,0,0,2,1,4,0,-3,3
WC-1930,1930,Group 4,United States,2,2,0,0,6,0,4,6,1
WC-1930,1930,Group 4,Paraguay,2,1,0,1,1,3,2,-2,2
WC-1930,1930,Group 4,Belgium,2,0,0,2,0,4,0,-4,3
WC-1950,1950,Final Round,Uruguay,3,2,1,0,7,5,5,2,1
WC-1950,1950,Final Round,Brazil,3,2,0,1,14,4,4,10,2
WC-1950,1950,Final Round,Sweden,3,1,0,2,6,11,2,-5,3
WC-1950,1950,Final Round,Spain,3,0,1,2,4,11,1,-7,4
WC-1950,1950,Group 1,Brazil,3,2,1,0,8,2,5,6,1
WC-1950,1950,Group 1,Yugoslavia,3,2,0,1,7,3,4,4,2
WC-1950,1950,Group 1,Switzerland,3,1,1,1,4,6,3,-2,3
WC-1950,1950,Group 1,Mexico,3,0,0,3,2,10,0,-8,4
WC-1950,1950,Group 2,Spain,3,3,0,0,6,1,6,5,1
WC-1950,1950,Group 2,England,3,1,0,2,2,2,2,0,2
WC-1950,1950,Group 2,Chile,3,1,0,2,5,6,2,-1,3
WC-1950,1950,Group 2,United States,3,1,0,2,4,8,2,-4,4
WC-1950,1950,Group 3,Sweden,2,1,1,0,5,4,3,1,1
WC-1950,1950,Group 3,Italy,2,1,0,1,4,3,2,1,2
WC-1950,1950,Group 3,Paraguay,2,0,1,1,2,4,1,-2,3
WC-1950,1950,Group 4,Uruguay,1,1,0,0,8,0,2,8,1
WC-1950,1950,Group 4,Bolivia,1,0,0,1,0,8,0,-8,2
WC-1954,1954,Group 1,Brazil,2,1,1,0,6,1,3,5,1
WC-1954,1954,Group 1,Yugoslavia,2,1,1,0,2,1,3,1,2
WC-1954,1954,Group 1,France,2,1,0,1,3,3,2,0,3
WC-1954,1954,Group 1,Mexico,2,0,0,2,2,8,0,-6,4
WC-1954,1954,Group 2,Hungary,2,2,0,0,17,3,4,14,1
WC-1954,1954,Group 2,Germany,3,2,0,1,14,11,4,3,2
WC-1954,1954,Group 2,Turkey,3,1,0,2,10,11,2,-1,3
WC-1954,1954,Group 2,South Korea,2,0,0,2,0,16,0,-16,4
WC-1954,1954,Group 3,Uruguay,2,2,0,0,9,0,4,9,1
WC-1954,1954,Group 3,Austria,2,2,0,0,6,0,4,6,2
WC-1954,1954,Group 3,Czechoslovakia,2,0,0,2,0,7,0,-7,3
WC-1954,1954,Group 3,Scotland,2,0,0,2,0,8,0,-8,4
WC-1954,1954,Group 4,Switzerland,3,2,0,1,6,4,4,2,1
WC-1954,1954,Group 4,England,2,1,1,0,6,4,3,2,2
WC-1954,1954,Group 4,Italy,3,1,0,2,6,7,2,-1,3
WC-1954,1954,Group 4,Belgium,2,0,1,1,5,8,1,-3,4
WC-1958,1958,Group 1,Northern Ireland,4,2,1,1,6,6,5,0,1
WC-1958,1958,Group 1,Germany,3,1,2,0,7,5,4,2,2
WC-1958,1958,Group 1,Czechoslovakia,4,1,1,2,9,6,3,3,3
WC-1958,1958,Group 1,Argentina,3,1,0,2,5,10,2,-5,4
WC-1958,1958,Group 2,France,3,2,0,1,11,7,4,4,1
WC-1958,1958,Group 2,Yugoslavia,3,1,2,0,7,6,4,1,2
WC-1958,1958,Group 2,Paraguay,3,1,1,1,9,12,3,-3,3
WC-1958,1958,Group 2,Scotland,3,0,1,2,4,6,1,-2,4
WC-1958,1958,Group 3,Sweden,3,2,1,0,5,1,5,4,1
WC-1958,1958,Group 3,Wales,4,1,3,0,4,3,5,1,2
WC-1958,1958,Group 3,Hungary,4,1,1,2,7,5,3,2,3
WC-1958,1958,Group 3,Mexico,3,0,1,2,1,8,1,-7,4
WC-1958,1958,Group 4,Brazil,3,2,1,0,5,0,5,5,1
WC-1958,1958,Group 4,Russia,4,2,1,1,5,4,5,1,2
WC-1958,1958,Group 4,England,4,0,3,1,4,5,3,-1,3
WC-1958,1958,Group 4,Austria,3,0,1,2,2,7,1,-5,4
WC-1962,1962,Group 1,Russia,3,2,1,0,8,5,5,3,1
WC-1962,1962,Group 1,Yugoslavia,3,2,0,1,8,3,4,5,2
WC-1962,1962,Group 1,Uruguay,3,1,0,2,4,6,2,-2,3
WC-1962,1962,Group 1,Colombia,3,0,1,2,5,11,1,-6,4
WC-1962,1962,Group 2,Germany,3,2,1,0,4,1,5,3,1
WC-1962,1962,Group 2,Chile,3,2,0,1,5,3,4,2,2
WC-1962,1962,Group 2,Italy,3,1,1,1,3,2,3,1,3
WC-1962,1962,Group 2,Switzerland,3,0,0,3,2,8,0,-6,4
WC-1962,1962,Group 3,Brazil,3,2,1,0,4,1,5,3,1
WC-1962,1962,Group 3,Czechoslovakia,3,1,1,1,2,3,3,-1,2
WC-1962,1962,Group 3,Mexico,3,1,0,2,3,4,2,-1,3
WC-1962,1962,Group 3,Spain,3,1,0,2,2,3,2,-1,4
WC-1962,1962,Group 4,Hungary,3,2,1,0,8,2,5,6,1
WC-1962,1962,Group 4,England,3,1,1,1,4,3,3,1,2
WC-1962,1962,Group 4,Argentina,3,1,1,1,2,3,3,-1,3
WC-1962,1962,Group 4,Bulgaria,3,0,1,2,1,7,1,-6,4
WC-1966,1966,Group 1,England,3,2,1,0,4,0,5,4,1
WC-1966,1966,Group 1,Uruguay,3,1,2,0,2,1,4,1,2
WC-1966,1966,Group 1,Mexico,3,0,2,1,1,3,2,-2,3
WC-1966,1966,Group 1,France,3,0,1,2,2,5,1,-3,4
WC-1966,1966,Group 2,Germany,3,2,1,0,7,1,5,6,1
WC-1966,1966,Group 2,Argentina,3,2,1,0,4,1,5,3,2
WC-1966,1966,Group 2,Spain,3,1,0,2,4,5,2,-1,3
WC-1966,1966,Group 2,Switzerland,3,0,0,3,1,9,0,-8,4
WC-1966,1966,Group 3,Portugal,3,3,0,0,9,2,6,7,1
WC-1966,1966,Group 3,Hungary,3,2,0,1,7,5,4,2,2
WC-1966,1966,Group 3,Brazil,3,1,0,2,4,6,2,-2,3
WC-1966,1966,Group 3,Bulgaria,3,0,0,3,1,8,0,-7,4
WC-1966,1966,Group 4,Russia,3,3,0,0,6,1,6,5,1
WC-1966,1966,Group 4,North Korea,3,1,1,1,2,4,3,-2,2
WC-1966,1966,Group 4,Italy,3,1,0,2,2,2,2,0,3
WC-1966,1966,Group 4,Chile,3,0,1,2,2,5,1,-3,4
WC-1970,1970,Group 1,Russia,3,2,1,0,6,1,5,5,1
WC-1970,1970,Group 1,Mexico,3,2,1,0,5,0,5,5,2
WC-1970,1970,Group 1,Belgium,3,1,0,2,4,5,2,-1,3
WC-1970,1970,Group 1,El Salvador,3,0,0,3,0,9,0,-9,4
WC-1970,1970,Group 2,Italy,3,1,2,0,1,0,4,1,1
WC-1970,1970,Group 2,Uruguay,3,1,1,1,2,1,3,1,2
WC-1970,1970,Group 2,Sweden,3,1,1,1,2,2,3,0,3
WC-1970,1970,Group 2,Israel,3,0,2,1,1,3,2,-2,4
WC-1970,1970,Group 3,Brazil,3,3,0,0,8,3,6,5,1
WC-1970,1970,Group 3,England,3,2,0,1,2,1,4,1,2
WC-1970,1970,Group 3,Romania,3,1,0,2,4,5,2,-1,3
WC-1970,1970,Group 3,Czechoslovakia,3,0,0,3,2,7,0,-5,4
WC-1970,1970,Group 4,Germany,3,3,0,0,10,4,6,6,1
WC-1970,1970,Group 4,Peru,3,2,0,1,7,5,4,2,2
WC-1970,1970,Group 4,Bulgaria,3,0,1,2,5,9,1,-4,3
WC-1970,1970,Group 4,Morocco,3,0,1,2,2,6,1,-4,4
WC-1974,1974,Group 1,East Germany,3,2,1,0,4,1,5,3,1
WC-1974,1974,Group 1,Germany,3,2,0,1,4,1,4,3,2
WC-1974,1974,Group 1,Chile,3,0,2,1,1,2,2,-1,3
WC-1974,1974,Group 1,Australia,3,0,1,2,0,5,1,-5,4
WC-1974,1974,Group 2,Yugoslavia,3,1,2,0,10,1,4,9,1
WC-1974,1974,Group 2,Brazil,3,1,2,0,3,0,4,3,2
WC-1974,1974,Group 2,Scotland,3,1,2,0,3,1,4,2,3
WC-1974,1974,Group 2,DR Congo,3,0,0,3,0,14,0,-14,4
WC-1974,1974,Group 3,Netherlands,3,2,1,0,6,1,5,5,1
WC-1974,1974,Group 3,Sweden,3,1,2,0,3,0,4,3,2
WC-1974,1974,Group 3,Bulgaria,3,0,2,1,2,5,2,-3,3
WC-1974,1974,Group 3,Uruguay,3,0,1,2,1,6,1,-5,4
WC-1974,1974,Group 4,Poland,3,3,0,0,12,3,6,9,1
WC-1974,1974,Group 4,Argentina,3,1,1,1,7,5,3,2,2
WC-1974,1974,Group 4,Italy,3,1,1,1,5,4,3,1,3
WC-1974,1974,Group 4,Haiti,3,0,0,3,2,14,0,-12,4
WC-1974,1974,Group A,Netherlands,3,3,0,0,8,0,6,8,1
WC-1974,1974,Group A,Brazil,3,2,0,1,3,3,4,0,2
WC-1974,1974,Group A,East Germany,3,0,1,2,1,4,1,-3,3
WC-1974,1974,Group A,Argentina,3,0,1,2,2,7,1,-5,4
WC-1974,1974,Group B,Germany,3,3,0,0,7,2,6,5,1
WC-1974,1974,Group B,Poland,3,2,0,1,3,2,4,1,2
WC-1974,1974,Group B,Sweden,3,1,0,2,4,6,2,-2,3
WC-1974,1974,Group B,Yugoslavia,3,0,0,3,2,6,0,-4,4
WC-1978,1978,Group 1,Italy,3,3,0,0,6,2,6,4,1
WC-1978,1978,Group 1,Argentina,3,2,0,1,4,3,4,1,2
WC-1978,1978,Group 1,France,3,1,0,2,5,5,2,0,3
WC-1978,1978,Group 1,Hungary,3,0,0,3,3,8,0,-5,4
WC-1978,1978,Group 2,Poland,3,2,1,0,4,1,5,3,1
WC-1978,1978,Group 2,Germany,3,1,2,0,6,0,4,6,2
WC-1978,1978,Group 2,Tunisia,3,1,1,1,3,2,3,1,3
WC-1978,1978,Group 2,Mexico,3,0,0,3,2,12,0,-10,4
WC-1978,1978,Group 3,Austria,3,2,0,1,3,2,4,1,1
WC-1978,1978,Group 3,Brazil,3,1,2,0,2,1,4,1,2
WC-1978,1978,Group 3,Spain,3,1,1,1,2,2,3,0,3
WC-1978,1978,Group 3,Sweden,3,0,1,2,1,3,1,-2,4
WC-1978,1978,Group 4,Peru,3,2,1,0,7,2,5,5,1
WC-1978,1978,Group 4,Netherlands,3,1,1,1,5,3,3,2,2
WC-1978,1978,Group 4,Scotland,3,1,1,1,5,6,3,-1,3
WC-1978,1978,Group 4,Iran,3,0,1,2,2,8,1,-6,4
WC-1978,1978,Group A,Netherlands,3,2,1,0,9,4,5,5,1
WC-1978,1978,Group A,Italy,3,1,1,1,2,2,3,0,2
WC-1978,1978,Group A,Germany,3,0,2,1,4,5,2,-1,3
WC-1978,1978,Group A,Austria,3,1,0,2,4,8,2,-4,4
WC-1978,1978,Group B,Argentina,3,2,1,0,8,0,5,8,1
WC-1978,1978,Group B,Brazil,3,2,1,0,6,1,5,5,2
WC-1978,1978,Group B,Poland,3,1,0,2,2,5,2,-3,3
WC-1978,1978,Group B,Peru,3,0,0,3,0,10,0,-10,4
WC-1982,1982,Group 1,Poland,5,2,3,0,8,1,7,7,1
WC-1982,1982,Group 1,Russia,2,1,1,0,1,0,3,1,2
WC-1982,1982,Group 1,Italy,3,0,3,0,2,2,3,0,3
WC-1982,1982,Group 1,Cameroon,3,0,3,0,1,1,3,0,4
WC-1982,1982,Group 1,Peru,3,0,2,1,2,6,2,-4,5
WC-1982,1982,Group 1,Belgium,2,0,0,2,0,4,0,-4,6
WC-1982,1982,Group 2,Germany,5,3,1,1,8,4,7,4,1
WC-1982,1982,Group 2,Austria,3,2,0,1,3,1,4,2,2
WC-1982,1982,Group 2,Algeria,3,2,0,1,5,5,4,0,3
WC-1982,1982,Group 2,England,2,0,2,0,0,0,2,0,4
WC-1982,1982,Group 2,Spain,2,0,1,1,1,2,1,-1,5
WC-1982,1982,Group 2,Chile,3,0,0,3,3,8,0,-5,6
WC-1982,1982,Group 3,Belgium,3,2,1,0,3,1,5,2,1
WC-1982,1982,Group 3,Italy,2,2,0,0,5,3,4,2,2
WC-1982,1982,Group 3,Argentina,5,2,0,3,8,7,4,1,3
WC-1982,1982,Group 3,Hungary,3,1,1,1,12,6,3,6,4
WC-1982,1982,Group 3,Brazil,2,1,0,1,5,4,2,1,5
WC-1982,1982,Group 3,El Salvador,3,0,0,3,1,13,0,-12,6
WC-1982,1982,Group 4,France,5,3,1,1,11,6,7,5,1
WC-1982,1982,Group 4,England,3,3,0,0,6,1,6,5,2
WC-1982,1982,Group 4,Czechoslovakia,3,0,2,1,2,4,2,-2,3
WC-1982,1982,Group 4,Austria,2,0,1,1,2,3,1,-1,4
WC-1982,1982,Group 4,Northern Ireland,2,0,1,1,3,6,1,-3,5
WC-1982,1982,Group 4,Kuwait,3,0,1,2,2,6,1,-4,6
WC-1982,1982,Group 5,Northern Ireland,3,1,2,0,2,1,4,1,1
WC-1982,1982,Group 5,Spain,3,1,1,1,3,3,3,0,2
WC-1982,1982,Group 5,Yugoslavia,3,1,1,1,2,2,3,0,3
WC-1982,1982,Group 5,Honduras,3,0,2,1,2,3,2,-1,4
WC-1982,1982,Group 6,Brazil,3,3,0,0,10,2,6,8,1
WC-1982,1982,Group 6,Russia,3,1,1,1,6,4,3,2,2
WC-1982,1982,Group 6,Scotland,3,1,1,1,8,8,3,0,3
WC-1982,1982,Group 6,New Zealand,3,0,0,3,2,12,0,-10,4
WC-1986,1986,Group A,Argentina,3,2,1,0,6,2,5,4,1
WC-1986,1986,Group A,Italy,3,1,2,0,5,4,4,1,2
WC-1986,1986,Group A,Bulgaria,3,0,2,1,2,4,2,-2,3
WC-1986,1986,Group A,South Korea,3,0,1,2,4,7,1,-3,4
WC-1986,1986,Group B,Mexico,3,2,1,0,4,2,5,2,1
WC-1986,1986,Group B,Paraguay,3,1,2,0,4,3,4,1,2
WC-1986,1986,Group B,Belgium,3,1,1,1,5,5,3,0,3
WC-1986,1986,Group B,Iraq,3,0,0,3,1,4,0,-3,4
WC-1986,1986,Group C,Russia,3,2,1,0,9,1,5,8,1
WC-1986,1986,Group C,France,3,2,1,0,5,1,5,4,2
WC-1986,1986,Group C,Hungary,3,1,0,2,2,9,2,-7,3
WC-1986,1986,Group C,Canada,3,0,0,3,0,5,0,-5,4
WC-1986,1986,Group D,Brazil,3,3,0,0,5,0,6,5,1
WC-1986,1986,Group D,Spain,3,2,0,1,5,2,4,3,2
WC-1986,1986,Group D,Northern Ireland,3,0,1,2,2,6,1,-4,3
WC-1986,1986,Group D,Algeria,3,0,1,2,1,5,1,-4,4
WC-1986,1986,Group E,Denmark,3,3,0,0,9,1,6,8,1
WC-1986,1986,Group E,Germany,3,1,1,1,3,4,3,-1,2
WC-1986,1986,Group E,Uruguay,3,0,2,1,2,7,2,-5,3
WC-1986,1986,Group E,Scotland,3,0,1,2,1,3,1,-2,4
WC-1986,1986,Group F,Morocco,3,1,2,0,3,1,4,2,1
WC-1986,1986,Group F,England,3,1,1,1,3,1,3,2,2
WC-1986,1986,Group F,Poland,3,1,1,1,1,3,3,-2,3
WC-1986,1986,Group F,Portugal,3,1,0,2,2,4,2,-2,4
WC-1990,1990,Group A,Italy,3,3,0,0,4,0,6,4,1
WC-1990,1990,Group A,Czechoslovakia,3,2,0,1,6,3,4,3,2
WC-1990,1990,Group A,Austria,3,1,0,2,2,3,2,-1,3
WC-1990,1990,Group A,United States,3,0,0,3,2,8,0,-6,4
WC-1990,1990,Group B,Cameroon,3,2,0,1,3,5,4,-2,1
WC-1990,1990,Group B,Romania,3,1,1,1,4,3,3,1,2
WC-1990,1990,Group B,Argentina,3,1,1,1,3,2,3,1,3
WC-1990,1990,Group B,Russia,3,1,0,2,4,4,2,0,4
WC-1990,1990,Group C,Brazil,3,3,0,0,4,1,6,3,1
WC-1990,1990,Group C,Costa Rica,3,2,0,1,3,2,4,1,2
WC-1990,1990,Group C,Scotland,3,1,0,2,2,3,2,-1,3
WC-1990,1990,Group C,Sweden,3,0,0,3,3,6,0,-3,4
WC-1990,1990,Group D,Germany,3,2,1,0,10,3,5,7,1
WC-1990,1990,Group D,Yugoslavia,3,2,0,1,6,5,4,1,2
WC-1990,1990,Group D,Colombia,3,1,1,1,3,2,3,1,3
WC-1990,1990,Group D,United Arab Emirates,3,0,0,3,2,11,0,-9,4
WC-1990,1990,Group E,Spain,3,2,1,0,5,2,5,3,1
WC-1990,1990,Group E,Belgium,3,2,0,1,6,3,4,3,2
WC-1990,1990,Group E,Uruguay,3,1,1,1,2,3,3,-1,3
WC-1990,1990,Group E,South Korea,3,0,0,3,1,6,0,-5,4
WC-1990,1990,Group F,England,3,1,2,0,2,1,4,1,1
WC-1990,1990,Group F,Netherlands,3,0,3,0,2,2,3,0,2
WC-1990,1990,Group F,Republic of Ireland,3,0,3,0,2,2,3,0,3
WC-1990,1990,Group F,Egypt,3,0,2,1,1,2,2,-1,4
WC-1994,1994,Group A,Romania,3,2,0,1,5,5,6,0,1
WC-1994,1994,Group A,Switzerland,3,1,1,1,5,4,4,1,2
WC-1994,1994,Group A,United States,3,1,1,1,3,3,4,0,3
WC-1994,1994,Group A,Colombia,3,1,0,2,4,5,3,-1,4
WC-1994,1994,Group B,Brazil,3,2,1,0,6,1,7,5,1
WC-1994,1994,Group B,Sweden,3,1,2,0,6,4,5,2,2
WC-1994,1994,Group B,Russia,3,1,0,2,7,6,3,1,3
WC-1994,1994,Group B,Cameroon,3,0,1,2,3,11,1,-8,4
WC-1994,1994,Group C,Germany,3,2,1,0,5,3,7,2,1
WC-1994,1994,Group C,Spain,3,1,2,0,6,4,5,2,2
WC-1994,1994,Group C,South Korea,3,0,2,1,4,5,2,-1,3
WC-1994,1994,Group C,Bolivia,3,0,1,2,1,4,1,-3,4
WC-1994,1994,Group D,Nigeria,3,2,0,1,6,2,6,4,1
WC-1994,1994,Group D,Argentina,3,2,0,1,6,3,6,3,2
WC-1994,1994,Group D,Bulgaria,3,2,0,1,6,3,6,3,3
WC-1994,1994,Group D,Greece,3,0,0,3,0,10,0,-10,4
WC-1994,1994,Group E,Mexico,3,1,1,1,3,3,4,0,1
WC-1994,1994,Group E,Italy,3,1,1,1,2,2,4,0,2
WC-1994,1994,Group E,Republic of Ireland,3,1,1,1,2,2,4,0,3
WC-1994,1994,Group E,Norway,3,1,1,1,1,1,4,0,4
WC-1994,1994,Group F,Netherlands,3,2,0,1,4,3,6,1,1
WC-1994,1994,Group F,Saudi Arabia,3,2,0,1,4,3,6,1,2
WC-1994,1994,Group F,Belgium,3,2,0,1,2,1,6,1,3
WC-1994,1994,Group F,Morocco,3,0,0,3,2,5,0,-3,4
WC-1998,1998,Group A,Brazil,3,2,0,1,6,3,6,3,1
WC-1998,1998,Group A,Norway,3,1,2,0,5,4,5,1,2
WC-1998,1998,Group A,Morocco,3,1,1,1,5,5,4,0,3
WC-1998,1998,Group A,Scotland,3,0,1,2,2,6,1,-4,4
WC-1998,1998,Group B,Italy,3,2,1,0,7,3,7,4,1
WC-1998,1998,Group B,Chile,3,0,3,0,4,4,3,0,2
WC-1998,1998,Group B,Austria,3,0,2,1,3,4,2,-1,3
WC-1998,1998,Group B,Cameroon,3,0,2,1,2,5,2,-3,4
WC-1998,1998,Group C,France,3,3,0,0,9,1,9,8,1
WC-1998,1998,Group C,Denmark,3,1,1,1,3,3,4,0,2
WC-1998,1998,Group C,South Africa,3,0,2,1,3,6,2,-3,3
WC-1998,1998,Group C,Saudi Arabia,3,0,1,2,2,7,1,-5,4
WC-1998,1998,Group D,Nigeria,3,2,0,1,5,5,6,0,1
WC-1998,1998,Group D,Paraguay,3,1,2,0,3,1,5,2,2
WC-1998,1998,Group D,Spain,3,1,1,1,8,4,4,4,3
WC-1998,1998,Group D,Bulgaria,3,0,1,2,1,7,1,-6,4
WC-1998,1998,Group E,Netherlands,3,1,2,0,7,2,5,5,1
WC-1998,1998,Group E,Mexico,3,1,2,0,7,5,5,2,2
WC-1998,1998,Group E,Belgium,3,0,3,0,3,3,3,0,3
WC-1998,1998,Group E,South Korea,3,0,1,2,2,9,1,-7,4
WC-1998,1998,Group F,Germany,3,2,1,0,6,2,7,4,1
WC-1998,1998,Group F,Yugoslavia,3,2,1,0,4,2,7,2,2
WC-1998,1998,Group F,Iran,3,1,0,2,2,4,3,-2,3
WC-1998,1998,Group F,United States,3,0,0,3,1,5,0,-4,4
WC-1998,1998,Group G,Romania,3,2,1,0,4,2,7,2,1
WC-1998,1998,Group G,England,3,2,0,1,5,2,6,3,2
WC-1998,1998,Group G,Colombia,3,1,0,2,1,3,3,-2,3
WC-1998,1998,Group G,Tunisia,3,0,1,2,1,4,1,-3,4
WC-1998,1998,Group H,Argentina,3,3,0,0,7,0,9,7,1
WC-1998,1998,Group H,Croatia,3,2,0,1,4,2,6,2,2
WC-1998,1998,Group H,Jamaica,3,1,0,2,3,9,3,-6,3
WC-1998,1998,Group H,Japan,3,0,0,3,1,4,0,-3,4
WC-2002,2002,Group A,Denmark,3,2,1,0,5,2,7,3,1
WC-2002,2002,Group A,Senegal,3,1,2,0,5,4,5,1,2
WC-2002,2002,Group A,Uruguay,3,0,2,1,4,5,2,-1,3
WC-2002,2002,Group A,France,3,0,1,2,0,3,1,-3,4
WC-2002,2002,Group B,Spain,3,3,0,0,9,4,9,5,1
WC-2002,2002,Group B,Paraguay,3,1,1,1,6,6,4,0,2
WC-2002,2002,Group B,South Africa,3,1,1,1,5,5,4,0,3
WC-2002,2002,Group B,Slovenia,3,0,0,3,2,7,0,-5,4
WC-2002,2002,Group C,Brazil,3,3,0,0,11,3,9,8,1
WC-2002,2002,Group C,Turkey,3,1,1,1,5,3,4,2,2
WC-2002,2002,Group C,Costa Rica,3,1,1,1,5,6,4,-1,3
WC-2002,2002,Group C,China PR,3,0,0,3,0,9,0,-9,4
WC-2002,2002,Group D,South Korea,3,2,1,0,4,1,7,3,1
WC-2002,2002,Group D,United States,3,1,1,1,5,6,4,-1,2
WC-2002,2002,Group D,Portugal,3,1,0,2,6,4,3,2,3
WC-2002,2002,Group D,Poland,3,1,0,2,3,7,3,-4,4
WC-2002,2002,Group E,Germany,3,2,1,0,11,1,7,10,1
WC-2002,2002,Group E,Republic of Ireland,3,1,2,0,5,2,5,3,2
WC-2002,2002,Group E,Cameroon,3,1,1,1,2,3,4,-1,3
WC-2002,2002,Group E,Saudi Arabia,3,0,0,3,0,12,0,-12,4
WC-2002,2002,Group F,Sweden,3,1,2,0,4,3,5,1,1
WC-2002,2002,Group F,England,3,1,2,0,2,1,5,1,2
WC-2002,2002,Group F,Argentina,3,1,1,1,2,2,4,0,3
WC-2002,2002,Group F,Nigeria,3,0,1,2,1,3,1,-2,4
WC-2002,2002,Group G,Mexico,3,2,1,0,4,2,7,2,1
WC-2002,2002,Group G,Italy,3,1,1,1,4,3,4,1,2
WC-2002,2002,Group G,Croatia,3,1,0,2,2,3,3,-1,3
WC-2002,2002,Group G,Ecuador,3,1,0,2,2,4,3,-2,4
WC-2002,2002,Group H,Japan,3,2,1,0,5,2,7,3,1
WC-2002,2002,Group H,Belgium,3,1,2,0,6,5,5,1,2
WC-2002,2002,Group H,Russia,3,1,0,2,4,4,3,0,3
WC-2002,2002,Group H,Tunisia,3,0,1,2,1,5,1,-4,4
WC-2006,2006,Group A,Germany,3,3,0,0,8,2,9,6,1
WC-2006,2006,Group A,Ecuador,3,2,0,1,5,3,6,2,2
WC-2006,2006,Group A,Poland,3,1,0,2,2,4,3,-2,3
WC-2006,2006,Group A,Costa Rica,3,0,0,3,3,9,0,-6,4
WC-2006,2006,Group B,England,3,2,1,0,5,2,7,3,1
WC-2006,2006,Group B,Sweden,3,1,2,0,3,2,5,1,2
WC-2006,2006,Group B,Paraguay,3,1,0,2,2,2,3,0,3
WC-2006,2006,Group B,Trinidad and Tobago,3,0,1,2,0,4,1,-4,4
WC-2006,2006,Group C,Argentina,3,2,1,0,8,1,7,7,1
WC-2006,2006,Group C,Netherlands,3,2,1,0,3,1,7,2,2
WC-2006,2006,Group C,Ivory Coast,3,1,0,2,5,6,3,-1,3
WC-2006,2006,Group C,Serbia and Montenegro,3,0,0,3,2,10,0,-8,4
WC-2006,2006,Group D,Portugal,3,3,0,0,5,1,9,4,1
WC-2006,2006,Group D,Mexico,3,1,1,1,4,3,4,1,2
WC-2006,2006,Group D,Angola,3,0,2,1,1,2,2,-1,3
WC-2006,2006,Group D,Iran,3,0,1,2,2,6,1,-4,4
WC-2006,2006,Group E,Italy,3,2,1,0,5,1,7,4,1
WC-2006,2006,Group E,Ghana,3,2,0,1,4,3,6,1,2
WC-2006,2006,Group E,Czech Republic,3,1,0,2,3,4,3,-1,3
WC-2006,2006,Group E,United States,3,0,1,2,2,6,1,-4,4
WC-2006,2006,Group F,Brazil,3,3,0,0,7,1,9,6,1
WC-2006,2006,Group F,Australia,3,1,1,1,5,5,4,0,2
WC-2006,2006,Group F,Croatia,3,0,2,1,2,3,2,-1,3
WC-2006,2006,Group F,Japan,3,0,1,2,2,7,1,-5,4
WC-2006,2006,Group G,Switzerland,3,2,1,0,4,0,7,4,1
WC-2006,2006,Group G,France,3,1,2,0,3,1,5,2,2
WC-2006,2006,Group G,South Korea,3,1,1,1,3,4,4,-1,3
WC-2006,2006,Group G,Togo,3,0,0,3,1,6,0,-5,4
WC-2006,2006,Group H,Spain,3,3,0,0,8,1,9,7,1
WC-2006,2006,Group H,Ukraine,3,2,0,1,5,4,6,1,2
WC-2006,2006,Group H,Tunisia,3,0,1,2,3,6,1,-3,3
WC-2006,2006,Group H,Saudi Arabia,3,0,1,2,2,7,1,-5,4
WC-2010,2010,Group A,Uruguay,3,2,1,0,4,0,7,4,1
WC-2010,2010,Group A,Mexico,3,1,1,1,3,2,4,1,2
WC-2010,2010,Group A,South Africa,3,1,1,1,3,5,4,-2,3
WC-2010,2010,Group A,France,3,0,1,2,1,4,1,-3,4
WC-2010,2010,Group B,Argentina,3,3,0,0,7,1,9,6,1
WC-2010,2010,Group B,South Korea,3,1,1,1,5,6,4,-1,2
WC-2010,2010,Group B,Greece,3,1,0,2,2,5,3,-3,3
WC-2010,2010,Group B,Nigeria,3,0,1,2,3,5,1,-2,4
WC-2010,2010,Group C,United States,3,1,2,0,4,3,5,1,1
WC-2010,2010,Group C,England,3,1,2,0,2,1,5,1,2
WC-2010,2010,Group C,Slovenia,3,1,1,1,3,3,4,0,3
WC-2010,2010,Group C,Algeria,3,0,1,2,0,2,1,-2,4
WC-2010,2010,Group D,Germany,3,2,0,1,5,1,6,4,1
WC-2010,2010,Group D,Ghana,3,1,1,1,2,2,4,0,2
WC-2010,2010,Group D,Australia,3,1,1,1,3,6,4,-3,3
WC-2010,2010,Group D,Serbia,3,1,0,2,2,3,3,-1,4
WC-2010,2010,Group E,Netherlands,3,3,0,0,5,1,9,4,1
WC-2010,2010,Group E,Japan,3,2,0,1,4,2,6,2,2
WC-2010,2010,Group E,Denmark,3,1,0,2,3,6,3,-3,3
WC-2010,2010,Group E,Cameroon,3,0,0,3,2,5,0,-3,4
WC-2010,2010,Group F,Paraguay,3,1,2,0,3,1,5,2,1
WC-2010,2010,Group F,Slovakia,3,1,1,1,4,5,4,-1,2
WC-2010,2010,Group F,New Zealand,3,0,3,0,2,2,3,0,3
WC-2010,2010,Group F,Italy,3,0,2,1,4,5,2,-1,4
WC-2010,2010,Group G,Brazil,3,2,1,0,5,2,7,3,1
WC-2010,2010,Group G,Portugal,3,1,2,0,7,0,5,7,2
WC-2010,2010,Group G,Ivory Coast,3,1,1,1,4,3,4,1,3
WC-2010,2010,Group G,North Korea,3,0,0,3,1,12,0,-11,4
WC-2010,2010,Group H,Spain,3,2,0,1,4,2,6,2,1
WC-2010,2010,Group H,Chile,3,2,0,1,3,2,6,1,2
WC-2010,2010,Group H,Switzerland,3,1,1,1,1,1,4,0,3
WC-2010,2010,Group H,Honduras,3,0,1,2,0,3,1,-3,4
WC-2014,2014,Group A,Brazil,3,2,1,0,7,2,7,5,1
WC-2014,2014,Group A,Mexico,3,2,1,0,4,1,7,3,2
WC-2014,2014,Group A,Croatia,3,1,0,2,6,6,3,0,3
WC-2014,2014,Group A,Cameroon,3,0,0,3,1,9,0,-8,4
WC-2014,2014,Group B,Netherlands,3,3,0,0,10,3,9,7,1
WC-2014,2014,Group B,Chile,3,2,0,1,5,3,6,2,2
WC-2014,2014,Group B,Spain,3,1,0,2,4,7,3,-3,3
WC-2014,2014,Group B,Australia,3,0,0,3,3,9,0,-6,4
WC-2014,2014,Group C,Colombia,3,3,0,0,9,2,9,7,1
WC-2014,2014,Group C,Greece,3,1,1,1,2,4,4,-2,2
WC-2014,2014,Group C,Ivory Coast,3,1,0,2,4,5,3,-1,3
WC-2014,2014,Group C,Japan,3,0,1,2,2,6,1,-4,4
WC-2014,2014,Group D,Costa Rica,3,2,1,0,4,1,7,3,1
WC-2014,2014,Group D,Uruguay,3,2,0,1,4,4,6,0,2
WC-2014,2014,Group D,Italy,3,1,0,2,2,3,3,-1,3
WC-2014,2014,Group D,England,3,0,1,2,2,4,1,-2,4
WC-2014,2014,Group E,France,3,2,1,0,8,2,7,6,1
WC-2014,2014,Group E,Switzerland,3,2,0,1,7,6,6,1,2
WC-2014,2014,Group E,Ecuador,3,1,1,1,3,3,4,0,3
WC-2014,2014,Group E,Honduras,3,0,0,3,1,8,0,-7,4
WC-2014,2014,Group F,Argentina,3,3,0,0,6,3,9,3,1
WC-2014,2014,Group F,Nigeria,3,1,1,1,3,3,4,0,2
WC-2014,2014,Group F,Bosnia and Herzegovina,3,1,0,2,4,4,3,0,3
WC-2014,2014,Group F,Iran,3,0,1,2,1,4,1,-3,4
WC-2014,2014,Group G,Germany,3,2,1,0,7,2,7,5,1
WC-2014,2014,Group G,United States,3,1,1,1,4,4,4,0,2
WC-2014,2014,Group G,Portugal,3,1,1,1,4,7,4,-3,3
WC-2014,2014,Group G,Ghana,3,0,1,2,4,6,1,-2,4
WC-2014,2014,Group H,Belgium,3,3,0,0,4,1,9,3,1
WC-2014,2014,Group H,Algeria,3,1,1,1,6,5,4,1,2
WC-2014,2014,Group H,Russia,3,0,2,1,2,3,2,-1,3
WC-2014,2014,Group H,South Korea,3,0,1,2,3,6,1,-3,4
WC-2018,2018,Group A,Uruguay,3,3,0,0,5,0,9,5,1
WC-2018,2018,Group A,Russia,3,2,0,1,8,4,6,4,2
WC-2018,2018,Group A,Saudi Arabia,3,1,0,2,2,7,3,-5,3
WC-2018,2018,Group A,Egypt,3,0,0,3,2,6,0,-4,4
WC-2018,2018,Group B,Spain,3,1,2,0,6,5,5,1,1
WC-2018,2018,Group B,Portugal,3,1,2,0,5,4,5,1,2
WC-2018,2018,Group B,Iran,3,1,1,1,2,2,4,0,3
WC-2018,2018,Group B,Morocco,3,0,1,2,2,4,1,-2,4
WC-2018,2018,Group C,France,3,2,1,0,3,1,7,2,1
WC-2018,2018,Group C,Denmark,3,1,2,0,2,1,5,1,2
WC-2018,2018,Group C,Peru,3,1,0,2,2,2,3,0,3
WC-2018,2018,Group C,Australia,3,0,1,2,2,5,1,-3,4
WC-2018,2018,Group D,Croatia,3,3,0,0,7,1,9,6,1
WC-2018,2018,Group D,Argentina,3,1,1,1,3,5,4,-2,2
WC-2018,2018,Group D,Nigeria,3,1,0,2,3,4,3,-1,3
WC-2018,2018,Group D,Iceland,3,0,1,2,2,5,1,-3,4
WC-2018,2018,Group E,Brazil,3,2,1,0,5,1,7,4,1
WC-2018,2018,Group E,Switzerland,3,1,2,0,5,4,5,1,2
WC-2018,2018,Group E,Serbia,3,1,0,2,2,4,3,-2,3
WC-2018,2018,Group E,Costa Rica,3,0,1,2,2,5,1,-3,4
WC-2018,2018,Group F,Sweden,3,2,0,1,5,2,6,3,1
WC-2018,2018,Group F,Mexico,3,2,0,1,3,4,6,-1,2
WC-2018,2018,Group F,South Korea,3,1,0,2,3,3,3,0,3
WC-2018,2018,Group F,Germany,3,1,0,2,2,4,3,-2,4
WC-2018,2018,Group G,Belgium,3,3,0,0,9,2,9,7,1
WC-2018,2018,Group G,England,3,2,0,1,8,3,6,5,2
WC-2018,2018,Group G,Tunisia,3,1,0,2,5,8,3,-3,3
WC-2018,2018,Group G,Panama,3,0,0,3,2,11,0,-9,4
WC-2018,2018,Group H,Colombia,3,2,0,1,5,2,6,3,1
WC-2018,2018,Group H,Japan,3,1,1,1,4,4,4,0,2
WC-2018,2018,Group H,Senegal,3,1,1,1,4,4,4,0,3
WC-2018,2018,Group H,Poland,3,1,0,2,2,5,3,-3,4
WC-2022,2022,Group A,Netherlands,3,2,1,0,5,1,7,4,1
WC-2022,2022,Group A,Senegal,3,2,0,1,5,4,6,1,2
WC-2022,2022,Group A,Ecuador,3,1,1,1,4,3,4,1,3
WC-2022,2022,Group A,Qatar,3,0,0,3,1,7,0,-6,4
WC-2022,2022,Group B,England,3,2,1,0,9,2,7,7,1
WC-2022,2022,Group B,United States,3,1,2,0,2,1,5,1,2
WC-2022,2022,Group B,Iran,3,1,0,2,4,7,3,-3,3
WC-2022,2022,Group B,Wales,3,0,1,2,1,6,1,-5,4
WC-2022,2022,Group C,Argentina,3,2,0,1,5,2,6,3,1
WC-2022,2022,Group C,Poland,3,1,1,1,2,2,4,0,2
WC-2022,2022,Group C,Mexico,3,1,1,1,2,3,4,-1,3
WC-2022,2022,Group C,Saudi Arabia,3,1,0,2,3,5,3,-2,4
WC-2022,2022,Group D,France,3,2,0,1,6,3,6,3,1
WC-2022,2022,Group D,Australia,3,2,0,1,3,4,6,-1,2
WC-2022,2022,Group D,Tunisia,3,1,1,1,1,1,4,0,3
WC-2022,2022,Group D,Denmark,3,0,1,2,1,3,1,-2,4
WC-2022,2022,Group E,Japan,3,2,0,1,4,3,6,1,1
WC-2022,2022,Group E,Spain,3,1,1,1,9,3,4,6,2
WC-2022,2022,Group E,Germany,3,1,1,1,6,5,4,1,3
WC-2022,2022,Group E,Costa Rica,3,1,0,2,3,11,3,-8,4
WC-2022,2022,Group F,Morocco,3,2,1,0,4,1,7,3,1
WC-2022,2022,Group F,Croatia,3,1,2,0,4,1,5,3,2
WC-2022,2022,Group F,Belgium,3,1,1,1,1,2,4,-1,3
WC-2022,2022,Group F,Canada,3,0,0,3,2,7,0,-5,4
WC-2022,2022,Group G,Brazil,3,2,0,1,3,1,6,2,1
WC-2022,2022,Group G,Switzerland,3,2,0,1,4,3,6,1,2
WC-2022,2022,Group G,Cameroon,3,1,1,1,4,4,4,0,3
WC-2022,2022,Group G,Serbia,3,0,1,2,5,8,1,-3,4
WC-2022,2022,Group H,Portugal,3,2,0,1,6,4,6,2,1
WC-2022,2022,Group H,South Korea,3,1,1,1,4,4,4,0,2
WC-2022,2022,Group H,Uruguay,3,1,1,1,2,2,4,0,3
WC-2022,2022,Group H,Ghana,3,1,0,2,5,7,3,-2,4
